census_var,variable,corr
census_percBelow200FPL,pillar1_affordability_score,-0.038110459146791606
census_percBelow200FPL,pillar1_cap,-0.023396620748936812
census_percBelow200FPL,pillar1_connections_sewer,0.06806440933111076
census_percBelow200FPL,pillar1_connections_water,-0.07461689981908395
census_percBelow200FPL,pillar1_cutoff,0.005335415298565925
census_percBelow200FPL,pillar1_hbi,0.019114137494832442
census_percBelow200FPL,pillar1_ppi,5.310667546840912e-4
census_percBelow200FPL,pillar2_diversity_1,-0.09341352874771353
census_percBelow200FPL,pillar2_diversity_2,-0.013458374638821338
census_percBelow200FPL,pillar2_park_density,-0.0025385455887684703
census_percBelow200FPL,pillar2_park_distance,0.13823925407099677
census_percBelow200FPL,pillar2_park_walk_access,0.0068903436577502815
census_percBelow200FPL,pillar2_procurement,0.03994278378599507
census_percBelow200FPL,pillar2_public_facing,0.08676110814662595
census_percBelow200FPL,pillar2_training,-0.013787749244447698
census_percBelow200FPL,pillar2_waterfront_acess,0.013745357258887902
census_percBelow200FPL,pillar2_workforce,0.0259491946735629
census_percBelow200FPL,pillar3_breaks,-0.013424497062990688
census_percBelow200FPL,pillar3_complaints,-0.00365609281123199
census_percBelow200FPL,pillar3_flooding,-0.11879599762885071
census_percBelow200FPL,pillar3_lead_line_replacement,-0.060067446356438556
census_percBelow200FPL,pillar3_lead_lines,0.019903978876113053
census_percBelow200FPL,pillar3_meetings,-0.01671369379329922
census_percBelow200FPL,pillar3_outreach,0.06794727992794453
census_percBelow200FPL,pillar3_proactive_maintenance,0.015564054150670283
census_percBelow200FPL,pillar3_sewer_failures,-0.10941295654197468
census_percBelow200FPL,pillar3_uri,-0.039899883531788874
census_percBelow200FPL,pillar3_water_board,-0.011339017307003428
census_percEducLessHS,pillar1_affordability_score,0.011805011701201617
census_percEducLessHS,pillar1_cap,-0.012046976797409232
census_percEducLessHS,pillar1_connections_sewer,-0.004569681683472556
census_percEducLessHS,pillar1_connections_water,-0.09480143511782305
census_percEducLessHS,pillar1_cutoff,-3.769294263641947e-5
census_percEducLessHS,pillar1_hbi,0.031749097897787966
census_percEducLessHS,pillar1_ppi,0.02484126595891296
census_percEducLessHS,pillar2_diversity_1,0.06449695761132689
census_percEducLessHS,pillar2_diversity_2,0.021306032899448768
census_percEducLessHS,pillar2_park_density,0.02792205224292106
census_percEducLessHS,pillar2_park_distance,0.09645359815261832
census_percEducLessHS,pillar2_park_walk_access,0.015945659777399715
census_percEducLessHS,pillar2_procurement,-0.013489236281653822
census_percEducLessHS,pillar2_public_facing,-0.034328875321265606
census_percEducLessHS,pillar2_training,0.05489441879300592
census_percEducLessHS,pillar2_waterfront_acess,0.08925108505611067
census_percEducLessHS,pillar2_workforce,-0.04906386994727289
census_percEducLessHS,pillar3_breaks,-0.05169582769768101
census_percEducLessHS,pillar3_complaints,0.08455525956661183
census_percEducLessHS,pillar3_flooding,-0.09437010996223973
census_percEducLessHS,pillar3_lead_line_replacement,-0.033126731378516176
census_percEducLessHS,pillar3_lead_lines,-5.976933761003476e-4
census_percEducLessHS,pillar3_meetings,0.09209727892004524
census_percEducLessHS,pillar3_outreach,0.021966437329836334
census_percEducLessHS,pillar3_proactive_maintenance,-0.036289481732597655
census_percEducLessHS,pillar3_sewer_failures,0.01218039764550454
census_percEducLessHS,pillar3_uri,0.03629436208376166
census_percEducLessHS,pillar3_water_board,0.011340537600329053
census_percMinority,pillar1_affordability_score,0.02660887980245723
census_percMinority,pillar1_cap,0.011180761904390697
census_percMinority,pillar1_connections_sewer,-0.008352197519773253
census_percMinority,pillar1_connections_water,-0.0737506663288855
census_percMinority,pillar1_cutoff,-0.07975842678301971
census_percMinority,pillar1_hbi,0.004969377790292438
census_percMinority,pillar1_ppi,0.004692897524228998
census_percMinority,pillar2_diversity_1,-0.015285175949273408
census_percMinority,pillar2_diversity_2,-0.036100840276253085
census_percMinority,pillar2_park_density,-0.051251501981504036
census_percMinority,pillar2_park_distance,0.1435495954377799
census_percMinority,pillar2_park_walk_access,-0.051648025567004735
census_percMinority,pillar2_procurement,0.03441893110285737
census_percMinority,pillar2_public_facing,0.07475113940252598
census_percMinority,pillar2_training,0.018917613601611476
census_percMinority,pillar2_waterfront_acess,0.07763664799013385
census_percMinority,pillar2_workforce,0.05979136973891481
census_percMinority,pillar3_breaks,-0.046094177725308154
census_percMinority,pillar3_complaints,-0.014013146954609885
census_percMinority,pillar3_flooding,-0.04996807533311378
census_percMinority,pillar3_lead_line_replacement,-0.1147587083097347
census_percMinority,pillar3_lead_lines,0.014803853745046107
census_percMinority,pillar3_meetings,-0.046862464857681356
census_percMinority,pillar3_outreach,0.012938504337420045
census_percMinority,pillar3_proactive_maintenance,0.13249417775789868
census_percMinority,pillar3_sewer_failures,-0.03084390868689973
census_percMinority,pillar3_uri,0.017270087049627986
census_percMinority,pillar3_water_board,0.013879534958146
census_income_median,pillar1_affordability_score,-0.031883308448478836
census_income_median,pillar1_cap,0.04021807611548001
census_income_median,pillar1_connections_sewer,-0.05444551701840607
census_income_median,pillar1_connections_water,0.04076290788206098
census_income_median,pillar1_cutoff,-0.021428214248542594
census_income_median,pillar1_hbi,0.013923310061155282
census_income_median,pillar1_ppi,0.02056774744627539
census_income_median,pillar2_diversity_1,0.0993016656070305
census_income_median,pillar2_diversity_2,0.0014887609676613623
census_income_median,pillar2_park_density,0.03060072815430574
census_income_median,pillar2_park_distance,-0.09679427676548531
census_income_median,pillar2_park_walk_access,-0.04960944313662715
census_income_median,pillar2_procurement,-0.046595430629462184
census_income_median,pillar2_public_facing,-0.05374970853130995
census_income_median,pillar2_training,-0.06502971121210512
census_income_median,pillar2_waterfront_acess,-0.03890858166153964
census_income_median,pillar2_workforce,-0.01223571675461287
census_income_median,pillar3_breaks,0.023663423618711293
census_income_median,pillar3_complaints,0.05152492211525995
census_income_median,pillar3_flooding,0.0983100824187321
census_income_median,pillar3_lead_line_replacement,0.06233836655473509
census_income_median,pillar3_lead_lines,-0.01567623748995202
census_income_median,pillar3_meetings,0.00296682356071166
census_income_median,pillar3_outreach,-0.04220767402638636
census_income_median,pillar3_proactive_maintenance,-0.023410697621246826
census_income_median,pillar3_sewer_failures,0.1075173669461521
census_income_median,pillar3_uri,0.014335322573653808
census_income_median,pillar3_water_board,-0.02216990501973468
census_income_percapita,pillar1_affordability_score,0.05923196173408195
census_income_percapita,pillar1_cap,0.025357454949106087
census_income_percapita,pillar1_connections_sewer,-0.04413242913912401
census_income_percapita,pillar1_connections_water,-0.008025129819703077
census_income_percapita,pillar1_cutoff,-0.011488305321735781
census_income_percapita,pillar1_hbi,-0.009952097131125812
census_income_percapita,pillar1_ppi,0.035308026096127876
census_income_percapita,pillar2_diversity_1,0.05607277503019426
census_income_percapita,pillar2_diversity_2,0.04654719848302675
census_income_percapita,pillar2_park_density,-0.06636478160972147
census_income_percapita,pillar2_park_distance,-0.103482334651077
census_income_percapita,pillar2_park_walk_access,-0.01999499658188348
census_income_percapita,pillar2_procurement,-0.0922466156706408
census_income_percapita,pillar2_public_facing,-0.08859602216404924
census_income_percapita,pillar2_training,-0.029789109701043138
census_income_percapita,pillar2_waterfront_acess,0.0013719176092653088
census_income_percapita,pillar2_workforce,-0.08334393285507333
census_income_percapita,pillar3_breaks,0.041010965930992835
census_income_percapita,pillar3_complaints,-0.004141646812279742
census_income_percapita,pillar3_flooding,0.04956860713811268
census_income_percapita,pillar3_lead_line_replacement,0.07096247975030702
census_income_percapita,pillar3_lead_lines,-0.027171592930937676
census_income_percapita,pillar3_meetings,-0.006078095003720922
census_income_percapita,pillar3_outreach,-0.014362278258790172
census_income_percapita,pillar3_proactive_maintenance,0.019677006591281358
census_income_percapita,pillar3_sewer_failures,0.05857335212879564
census_income_percapita,pillar3_uri,-0.01449800868084538
census_income_percapita,pillar3_water_board,0.055223473605957286
census_rentMedian,pillar1_affordability_score,0.04584815482645393
census_rentMedian,pillar1_cap,0.04395602455517034
census_rentMedian,pillar1_connections_sewer,-0.03309633122665479
census_rentMedian,pillar1_connections_water,-0.04173992995422798
census_rentMedian,pillar1_cutoff,0.03799011178565099
census_rentMedian,pillar1_hbi,-0.019833835578215955
census_rentMedian,pillar1_ppi,0.02363891343166344
census_rentMedian,pillar2_diversity_1,0.08917093650204957
census_rentMedian,pillar2_diversity_2,-0.004407979228016849
census_rentMedian,pillar2_park_density,0.09078577298804862
census_rentMedian,pillar2_park_distance,-0.027696681834015524
census_rentMedian,pillar2_park_walk_access,-0.009804675649155761
census_rentMedian,pillar2_procurement,-0.05742876291136704
census_rentMedian,pillar2_public_facing,-0.09288438665798013
census_rentMedian,pillar2_training,-0.038225798658007036
census_rentMedian,pillar2_waterfront_acess,-0.0839088909790183
census_rentMedian,pillar2_workforce,-0.06565784771422539
census_rentMedian,pillar3_breaks,-0.012191607319584763
census_rentMedian,pillar3_complaints,0.030568984641028203
census_rentMedian,pillar3_flooding,0.06323235627744885
census_rentMedian,pillar3_lead_line_replacement,0.09249663590228581
census_rentMedian,pillar3_lead_lines,0.06454384806984075
census_rentMedian,pillar3_meetings,-0.11085473607707184
census_rentMedian,pillar3_outreach,0.02120101459210795
census_rentMedian,pillar3_proactive_maintenance,0.029161157099469932
census_rentMedian,pillar3_sewer_failures,0.03896138475915256
census_rentMedian,pillar3_uri,0.022924172311144887
census_rentMedian,pillar3_water_board,0.001608940860313929
census_rentIncomeRatioMedian,pillar1_affordability_score,0.05297579568876623
census_rentIncomeRatioMedian,pillar1_cap,0.0025465093721219806
census_rentIncomeRatioMedian,pillar1_connections_sewer,0.017101148977546096
census_rentIncomeRatioMedian,pillar1_connections_water,-0.02404973277274382
census_rentIncomeRatioMedian,pillar1_cutoff,0.01180064569835113
census_rentIncomeRatioMedian,pillar1_hbi,0.03491362227638596
census_rentIncomeRatioMedian,pillar1_ppi,0.0068472919358066086
census_rentIncomeRatioMedian,pillar2_diversity_1,-0.10261045551175321
census_rentIncomeRatioMedian,pillar2_diversity_2,0.037494046639570705
census_rentIncomeRatioMedian,pillar2_park_density,0.033110688355557506
census_rentIncomeRatioMedian,pillar2_park_distance,0.11337762905767486
census_rentIncomeRatioMedian,pillar2_park_walk_access,0.011996609953467378
census_rentIncomeRatioMedian,pillar2_procurement,-0.024387389185116404
census_rentIncomeRatioMedian,pillar2_public_facing,0.005407383970567104
census_rentIncomeRatioMedian,pillar2_training,0.0073260954789067965
census_rentIncomeRatioMedian,pillar2_waterfront_acess,0.04133885700592017
census_rentIncomeRatioMedian,pillar2_workforce,-0.03193740905705791
census_rentIncomeRatioMedian,pillar3_breaks,-0.07661130287960273
census_rentIncomeRatioMedian,pillar3_complaints,-0.016465376106008456
census_rentIncomeRatioMedian,pillar3_flooding,0.009284171239385934
census_rentIncomeRatioMedian,pillar3_lead_line_replacement,-0.020705419636090343
census_rentIncomeRatioMedian,pillar3_lead_lines,0.05120759091222252
census_rentIncomeRatioMedian,pillar3_meetings,-0.08263576323781366
census_rentIncomeRatioMedian,pillar3_outreach,0.05782643874881847
census_rentIncomeRatioMedian,pillar3_proactive_maintenance,0.06482425025134157
census_rentIncomeRatioMedian,pillar3_sewer_failures,-0.029086883849333275
census_rentIncomeRatioMedian,pillar3_uri,0.05144196218189935
census_rentIncomeRatioMedian,pillar3_water_board,0.01483854386213192
census_homeValuemedian,pillar1_affordability_score,0.10587873695601091
census_homeValuemedian,pillar1_cap,0.07869972901082146
census_homeValuemedian,pillar1_connections_sewer,-0.021925443092515255
census_homeValuemedian,pillar1_connections_water,-0.0459757577868433
census_homeValuemedian,pillar1_cutoff,0.02551390118319252
census_homeValuemedian,pillar1_hbi,-0.09598280850172622
census_homeValuemedian,pillar1_ppi,-0.038584423314290725
census_homeValuemedian,pillar2_diversity_1,0.09403925294923457
census_homeValuemedian,pillar2_diversity_2,0.015911293405458608
census_homeValuemedian,pillar2_park_density,-0.040109978393943806
census_homeValuemedian,pillar2_park_distance,0.002009580059454682
census_homeValuemedian,pillar2_park_walk_access,-0.014845534705895917
census_homeValuemedian,pillar2_procurement,-0.07196394674674148
census_homeValuemedian,pillar2_public_facing,-0.10461780597269568
census_homeValuemedian,pillar2_training,0.011983816772292228
census_homeValuemedian,pillar2_waterfront_acess,-0.005573074753954887
census_homeValuemedian,pillar2_workforce,-0.08004618716695872
census_homeValuemedian,pillar3_breaks,0.07689012425179133
census_homeValuemedian,pillar3_complaints,0.06571384666376648
census_homeValuemedian,pillar3_flooding,-0.03803903769849927
census_homeValuemedian,pillar3_lead_line_replacement,0.03945834912290806
census_homeValuemedian,pillar3_lead_lines,-0.017460419894533064
census_homeValuemedian,pillar3_meetings,0.03933236104096701
census_homeValuemedian,pillar3_outreach,0.0103276584117204
census_homeValuemedian,pillar3_proactive_maintenance,0.0038993001771300832
census_homeValuemedian,pillar3_sewer_failures,0.003600020734058297
census_homeValuemedian,pillar3_uri,0.0043134767524656515
census_homeValuemedian,pillar3_water_board,0.02703672033627079
census_percHomeowners,pillar1_affordability_score,-0.021638888170295852
census_percHomeowners,pillar1_cap,-0.03825288557704736
census_percHomeowners,pillar1_connections_sewer,-0.05648659099785584
census_percHomeowners,pillar1_connections_water,0.07409118281110103
census_percHomeowners,pillar1_cutoff,-0.11669918329278801
census_percHomeowners,pillar1_hbi,0.03805117965560965
census_percHomeowners,pillar1_ppi,-0.023996946820916146
census_percHomeowners,pillar2_diversity_1,0.0072116018378646195
census_percHomeowners,pillar2_diversity_2,-0.013069082236693797
census_percHomeowners,pillar2_park_density,0.05899244158621444
census_percHomeowners,pillar2_park_distance,-0.13785146993355363
census_percHomeowners,pillar2_park_walk_access,-0.014321858870166824
census_percHomeowners,pillar2_procurement,-0.028986571812764466
census_percHomeowners,pillar2_public_facing,-0.020547805695459904
census_percHomeowners,pillar2_training,-0.05263513534863666
census_percHomeowners,pillar2_waterfront_acess,-0.012696537619597617
census_percHomeowners,pillar2_workforce,-0.033737356118721896
census_percHomeowners,pillar3_breaks,0.034233294820977325
census_percHomeowners,pillar3_complaints,-0.0024008101819082287
census_percHomeowners,pillar3_flooding,0.21661961804284866
census_percHomeowners,pillar3_lead_line_replacement,0.04000334105712415
census_percHomeowners,pillar3_lead_lines,-0.030367570016878197
census_percHomeowners,pillar3_meetings,-0.0029743134822915996
census_percHomeowners,pillar3_outreach,-0.046048257134224405
census_percHomeowners,pillar3_proactive_maintenance,-0.07947796781044629
census_percHomeowners,pillar3_sewer_failures,0.12303119011945639
census_percHomeowners,pillar3_uri,0.012132619780609722
census_percHomeowners,pillar3_water_board,0.0569842660321846
census_percBlueCollar,pillar1_affordability_score,-0.07430106310187458
census_percBlueCollar,pillar1_cap,0.006449240542012887
census_percBlueCollar,pillar1_connections_sewer,0.03376369110680887
census_percBlueCollar,pillar1_connections_water,-0.030104794695423383
census_percBlueCollar,pillar1_cutoff,0.042933500208973116
census_percBlueCollar,pillar1_hbi,0.030641744595105953
census_percBlueCollar,pillar1_ppi,0.01372843208238029
census_percBlueCollar,pillar2_diversity_1,-0.07226174773871678
census_percBlueCollar,pillar2_diversity_2,-0.05418830199481256
census_percBlueCollar,pillar2_park_density,0.05173913976722411
census_percBlueCollar,pillar2_park_distance,0.03719166240393092
census_percBlueCollar,pillar2_park_walk_access,-0.018824470375437066
census_percBlueCollar,pillar2_procurement,0.1129463513283033
census_percBlueCollar,pillar2_public_facing,0.0698084549092426
census_percBlueCollar,pillar2_training,0.0640447729727842
census_percBlueCollar,pillar2_waterfront_acess,-0.011939867381889385
census_percBlueCollar,pillar2_workforce,0.014747783424319502
census_percBlueCollar,pillar3_breaks,0.0021755556453960465
census_percBlueCollar,pillar3_complaints,-0.12049802387215848
census_percBlueCollar,pillar3_flooding,-0.026740291302604753
census_percBlueCollar,pillar3_lead_line_replacement,-0.03239695773796018
census_percBlueCollar,pillar3_lead_lines,0.05355120437444648
census_percBlueCollar,pillar3_meetings,0.012603584106255172
census_percBlueCollar,pillar3_outreach,-0.04470448804612105
census_percBlueCollar,pillar3_proactive_maintenance,-0.001824641779203067
census_percBlueCollar,pillar3_sewer_failures,-0.07198528894757068
census_percBlueCollar,pillar3_uri,0.039329736041064184
census_percBlueCollar,pillar3_water_board,-0.004594884970623449
census_percUnemployed,pillar1_affordability_score,-0.02396710535155931
census_percUnemployed,pillar1_cap,-0.010879701494313707
census_percUnemployed,pillar1_connections_sewer,-0.01822714737021551
census_percUnemployed,pillar1_connections_water,-0.01735892169166083
census_percUnemployed,pillar1_cutoff,-0.08003181439047091
census_percUnemployed,pillar1_hbi,-0.07038066790485979
census_percUnemployed,pillar1_ppi,0.024034032975984065
census_percUnemployed,pillar2_diversity_1,-0.004973867537938073
census_percUnemployed,pillar2_diversity_2,0.04276201388918006
census_percUnemployed,pillar2_park_density,-0.05536200261059853
census_percUnemployed,pillar2_park_distance,0.03266615371127928
census_percUnemployed,pillar2_park_walk_access,-0.03711164779410821
census_percUnemployed,pillar2_procurement,-0.014878175334187638
census_percUnemployed,pillar2_public_facing,0.11721368007898993
census_percUnemployed,pillar2_training,0.023450377563711808
census_percUnemployed,pillar2_waterfront_acess,0.010721650283999106
census_percUnemployed,pillar2_workforce,0.04833770808293333
census_percUnemployed,pillar3_breaks,-0.04456922894665328
census_percUnemployed,pillar3_complaints,0.03068845504828327
census_percUnemployed,pillar3_flooding,0.039736223587423264
census_percUnemployed,pillar3_lead_line_replacement,0.0058301604536223975
census_percUnemployed,pillar3_lead_lines,-0.11030830991092577
census_percUnemployed,pillar3_meetings,-0.06676331805097004
census_percUnemployed,pillar3_outreach,0.06147909697700529
census_percUnemployed,pillar3_proactive_maintenance,0.023061861847388305
census_percUnemployed,pillar3_sewer_failures,0.02498147748184959
census_percUnemployed,pillar3_uri,-0.004156663394698325
census_percUnemployed,pillar3_water_board,0.058582507794087364
census_percPlumbingComplete,pillar1_affordability_score,-0.018698607983742982
census_percPlumbingComplete,pillar1_cap,0.025430119712863446
census_percPlumbingComplete,pillar1_connections_sewer,0.12154813591758565
census_percPlumbingComplete,pillar1_connections_water,0.006774457811041259
census_percPlumbingComplete,pillar1_cutoff,0.010245831792049478
census_percPlumbingComplete,pillar1_hbi,0.04458171763645754
census_percPlumbingComplete,pillar1_ppi,0.00813701391107753
census_percPlumbingComplete,pillar2_diversity_1,0.005698035506836954
census_percPlumbingComplete,pillar2_diversity_2,-0.03515904660047944
census_percPlumbingComplete,pillar2_park_density,-0.008907409207336067
census_percPlumbingComplete,pillar2_park_distance,-0.07948173912219732
census_percPlumbingComplete,pillar2_park_walk_access,-0.024546351869913878
census_percPlumbingComplete,pillar2_procurement,-0.09114590303386579
census_percPlumbingComplete,pillar2_public_facing,-0.1558606863360003
census_percPlumbingComplete,pillar2_training,-0.10821744546940354
census_percPlumbingComplete,pillar2_waterfront_acess,0.018708993241072894
census_percPlumbingComplete,pillar2_workforce,-0.027135271396681444
census_percPlumbingComplete,pillar3_breaks,0.017422068196618925
census_percPlumbingComplete,pillar3_complaints,0.023096248866578482
census_percPlumbingComplete,pillar3_flooding,-0.020526240013923013
census_percPlumbingComplete,pillar3_lead_line_replacement,0.06518319589804286
census_percPlumbingComplete,pillar3_lead_lines,-0.06522024857974888
census_percPlumbingComplete,pillar3_meetings,0.015006782802905906
census_percPlumbingComplete,pillar3_outreach,-0.00978831604894033
census_percPlumbingComplete,pillar3_proactive_maintenance,-0.03516542960215046
census_percPlumbingComplete,pillar3_sewer_failures,0.04000735429422904
census_percPlumbingComplete,pillar3_uri,-0.02446286767414504
census_percPlumbingComplete,pillar3_water_board,-0.07676171434777926
census_percFamiliesSingleParent,pillar1_affordability_score,-6.28211308336957e-4
census_percFamiliesSingleParent,pillar1_cap,0.008709821842569496
census_percFamiliesSingleParent,pillar1_connections_sewer,0.05744107424708465
census_percFamiliesSingleParent,pillar1_connections_water,-0.06237639121411633
census_percFamiliesSingleParent,pillar1_cutoff,0.019798960180676416
census_percFamiliesSingleParent,pillar1_hbi,-0.04486629637157647
census_percFamiliesSingleParent,pillar1_ppi,0.019840487405979705
census_percFamiliesSingleParent,pillar2_diversity_1,-0.043770103424149394
census_percFamiliesSingleParent,pillar2_diversity_2,0.002355377415868263
census_percFamiliesSingleParent,pillar2_park_density,-0.003229000311837954
census_percFamiliesSingleParent,pillar2_park_distance,0.037028293502487174
census_percFamiliesSingleParent,pillar2_park_walk_access,0.05843407591866503
census_percFamiliesSingleParent,pillar2_procurement,0.08710965233222465
census_percFamiliesSingleParent,pillar2_public_facing,0.049579680483534984
census_percFamiliesSingleParent,pillar2_training,0.021131957689999616
census_percFamiliesSingleParent,pillar2_waterfront_acess,0.015302653960580323
census_percFamiliesSingleParent,pillar2_workforce,0.06587860419307312
census_percFamiliesSingleParent,pillar3_breaks,-0.040259788564698716
census_percFamiliesSingleParent,pillar3_complaints,0.0588445414162488
census_percFamiliesSingleParent,pillar3_flooding,-0.07557634971267872
census_percFamiliesSingleParent,pillar3_lead_line_replacement,-0.07279180982039933
census_percFamiliesSingleParent,pillar3_lead_lines,0.0048796330703830375
census_percFamiliesSingleParent,pillar3_meetings,-0.05408313656848754
census_percFamiliesSingleParent,pillar3_outreach,0.03332431127657797
census_percFamiliesSingleParent,pillar3_proactive_maintenance,0.03193643245922913
census_percFamiliesSingleParent,pillar3_sewer_failures,-0.0537590414380804
census_percFamiliesSingleParent,pillar3_uri,-0.02189223223881501
census_percFamiliesSingleParent,pillar3_water_board,-0.03193052501135921
census_percHH_NoVehicle,pillar1_affordability_score,-0.027908856974656
census_percHH_NoVehicle,pillar1_cap,0.04323656052193389
census_percHH_NoVehicle,pillar1_connections_sewer,0.03440351563329143
census_percHH_NoVehicle,pillar1_connections_water,-0.12569836788766486
census_percHH_NoVehicle,pillar1_cutoff,0.0021698721345251764
census_percHH_NoVehicle,pillar1_hbi,0.034018936947563014
census_percHH_NoVehicle,pillar1_ppi,0.03935571737419303
census_percHH_NoVehicle,pillar2_diversity_1,-0.03044783532365906
census_percHH_NoVehicle,pillar2_diversity_2,-0.03220385021084314
census_percHH_NoVehicle,pillar2_park_density,-0.05044894477628726
census_percHH_NoVehicle,pillar2_park_distance,0.11662654070510221
census_percHH_NoVehicle,pillar2_park_walk_access,-0.006068691595295793
census_percHH_NoVehicle,pillar2_procurement,-0.018022965690444537
census_percHH_NoVehicle,pillar2_public_facing,0.031141687002485707
census_percHH_NoVehicle,pillar2_training,0.04634945936848914
census_percHH_NoVehicle,pillar2_waterfront_acess,0.017064670842350332
census_percHH_NoVehicle,pillar2_workforce,0.01928066509810936
census_percHH_NoVehicle,pillar3_breaks,-0.019563260316219598
census_percHH_NoVehicle,pillar3_complaints,0.01906538171181985
census_percHH_NoVehicle,pillar3_flooding,-0.0645685262649187
census_percHH_NoVehicle,pillar3_lead_line_replacement,-0.06804958515711304
census_percHH_NoVehicle,pillar3_lead_lines,-0.005301387121937188
census_percHH_NoVehicle,pillar3_meetings,0.05275050928230314
census_percHH_NoVehicle,pillar3_outreach,0.03905000600579796
census_percHH_NoVehicle,pillar3_proactive_maintenance,0.026534275210958358
census_percHH_NoVehicle,pillar3_sewer_failures,-0.1119587841661893
census_percHH_NoVehicle,pillar3_uri,-0.004741768706635756
census_percHH_NoVehicle,pillar3_water_board,0.04379282381932125
census_percAgeOver64,pillar1_affordability_score,0.027744287239462158
census_percAgeOver64,pillar1_cap,0.033161359813130745
census_percAgeOver64,pillar1_connections_sewer,0.08079161360953956
census_percAgeOver64,pillar1_connections_water,0.0689848081272819
census_percAgeOver64,pillar1_cutoff,-0.052724653363191286
census_percAgeOver64,pillar1_hbi,0.03276202047882004
census_percAgeOver64,pillar1_ppi,0.06442836882800378
census_percAgeOver64,pillar2_diversity_1,0.05161913053131705
census_percAgeOver64,pillar2_diversity_2,0.03627508803476969
census_percAgeOver64,pillar2_park_density,-0.0957059813531572
census_percAgeOver64,pillar2_park_distance,-0.04193526634080452
census_percAgeOver64,pillar2_park_walk_access,0.03519280689947123
census_percAgeOver64,pillar2_procurement,-0.07857966919688512
census_percAgeOver64,pillar2_public_facing,-0.01718054932995762
census_percAgeOver64,pillar2_training,-0.14292235448482998
census_percAgeOver64,pillar2_waterfront_acess,0.04115622775876009
census_percAgeOver64,pillar2_workforce,-0.12133096631986415
census_percAgeOver64,pillar3_breaks,-0.03063781824985744
census_percAgeOver64,pillar3_complaints,-0.08606136691580862
census_percAgeOver64,pillar3_flooding,0.05899602209186481
census_percAgeOver64,pillar3_lead_line_replacement,0.035638875545251754
census_percAgeOver64,pillar3_lead_lines,-0.10847481070362291
census_percAgeOver64,pillar3_meetings,0.028116376835868064
census_percAgeOver64,pillar3_outreach,-0.05026263250158673
census_percAgeOver64,pillar3_proactive_maintenance,-6.165162886416107e-4
census_percAgeOver64,pillar3_sewer_failures,0.06006145791219739
census_percAgeOver64,pillar3_uri,0.026495006006814644
census_percAgeOver64,pillar3_water_board,0.09936105465867777
census_percHH_LangIsolated,pillar1_affordability_score,0.0017157700764139664
census_percHH_LangIsolated,pillar1_cap,-0.06310702765073346
census_percHH_LangIsolated,pillar1_connections_sewer,-0.0390258874927735
census_percHH_LangIsolated,pillar1_connections_water,-0.11110769688296557
census_percHH_LangIsolated,pillar1_cutoff,-0.039644980863450516
census_percHH_LangIsolated,pillar1_hbi,-0.017783245531239986
census_percHH_LangIsolated,pillar1_ppi,-0.09618203398061552
census_percHH_LangIsolated,pillar2_diversity_1,-0.0036005621365701617
census_percHH_LangIsolated,pillar2_diversity_2,-0.029100560080947552
census_percHH_LangIsolated,pillar2_park_density,0.004421445003395087
census_percHH_LangIsolated,pillar2_park_distance,0.08913966473397132
census_percHH_LangIsolated,pillar2_park_walk_access,0.06490262846286793
census_percHH_LangIsolated,pillar2_procurement,0.04175424788606277
census_percHH_LangIsolated,pillar2_public_facing,-0.02922359231139615
census_percHH_LangIsolated,pillar2_training,0.05954773276534632
census_percHH_LangIsolated,pillar2_waterfront_acess,0.11776221743170825
census_percHH_LangIsolated,pillar2_workforce,-0.013019137706362368
census_percHH_LangIsolated,pillar3_breaks,0.07224265242489088
census_percHH_LangIsolated,pillar3_complaints,0.06576413414981915
census_percHH_LangIsolated,pillar3_flooding,-0.012796749559738575
census_percHH_LangIsolated,pillar3_lead_line_replacement,-0.11464414343906457
census_percHH_LangIsolated,pillar3_lead_lines,0.09963934150408754
census_percHH_LangIsolated,pillar3_meetings,0.07238028725289467
census_percHH_LangIsolated,pillar3_outreach,0.031116089639089475
census_percHH_LangIsolated,pillar3_proactive_maintenance,-0.04074464388563065
census_percHH_LangIsolated,pillar3_sewer_failures,-0.06586481619454258
census_percHH_LangIsolated,pillar3_uri,-0.01559366455985324
census_percHH_LangIsolated,pillar3_water_board,-0.0427206431884857
census_percHH_Crowded,pillar1_affordability_score,-0.016638041405610135
census_percHH_Crowded,pillar1_cap,0.08160480603384353
census_percHH_Crowded,pillar1_connections_sewer,0.008100038908343998
census_percHH_Crowded,pillar1_connections_water,-0.0714820850537215
census_percHH_Crowded,pillar1_cutoff,-0.07041615380048806
census_percHH_Crowded,pillar1_hbi,0.008706068652344271
census_percHH_Crowded,pillar1_ppi,-0.05219297706139268
census_percHH_Crowded,pillar2_diversity_1,-0.0038702197705567432
census_percHH_Crowded,pillar2_diversity_2,-0.021920805837955314
census_percHH_Crowded,pillar2_park_density,0.007744413773657492
census_percHH_Crowded,pillar2_park_distance,-0.009851955148817178
census_percHH_Crowded,pillar2_park_walk_access,0.020634664149481678
census_percHH_Crowded,pillar2_procurement,-0.07226319838286585
census_percHH_Crowded,pillar2_public_facing,0.07952322775937781
census_percHH_Crowded,pillar2_training,0.025033844110768796
census_percHH_Crowded,pillar2_waterfront_acess,0.09382776904515948
census_percHH_Crowded,pillar2_workforce,-0.034098010754650306
census_percHH_Crowded,pillar3_breaks,0.03016883448816291
census_percHH_Crowded,pillar3_complaints,-0.04098344844570841
census_percHH_Crowded,pillar3_flooding,-0.02885406960862111
census_percHH_Crowded,pillar3_lead_line_replacement,0.05072432243177839
census_percHH_Crowded,pillar3_lead_lines,0.10169484669877908
census_percHH_Crowded,pillar3_meetings,-0.06307256146462555
census_percHH_Crowded,pillar3_outreach,0.07148651455605998
census_percHH_Crowded,pillar3_proactive_maintenance,-0.0656655268426088
census_percHH_Crowded,pillar3_sewer_failures,-0.06484443082810319
census_percHH_Crowded,pillar3_uri,-0.002502168142787761
census_percHH_Crowded,pillar3_water_board,-0.004872519983789433
PC1,pillar1_affordability_score,0.028614184446238065
PC1,pillar1_cap,0.019044732069917168
PC1,pillar1_connections_sewer,-0.037711185136026476
PC1,pillar1_connections_water,0.06072133464586121
PC1,pillar1_cutoff,-0.002801983889887523
PC1,pillar1_hbi,-0.009169740768822187
PC1,pillar1_ppi,0.0019127152723252706
PC1,pillar2_diversity_1,0.08210123417634603
PC1,pillar2_diversity_2,0.018580779413938285
PC1,pillar2_park_density,0.00837491893050472
PC1,pillar2_park_distance,-0.12244265293220812
PC1,pillar2_park_walk_access,-0.01352861905448093
PC1,pillar2_procurement,-0.06802662365993531
PC1,pillar2_public_facing,-0.08974810996180992
PC1,pillar2_training,-0.05133882188169717
PC1,pillar2_waterfront_acess,-0.039426085923421235
PC1,pillar2_workforce,-0.05616325468857366
PC1,pillar3_breaks,0.03614594649408646
PC1,pillar3_complaints,0.015895369540105314
PC1,pillar3_flooding,0.08469618306299924
PC1,pillar3_lead_line_replacement,0.08718154548556471
PC1,pillar3_lead_lines,-0.025100708439309203
PC1,pillar3_meetings,0.005206207926540665
PC1,pillar3_outreach,-0.03664359330374755
PC1,pillar3_proactive_maintenance,-0.03254688364289718
PC1,pillar3_sewer_failures,0.09321897377254602
PC1,pillar3_uri,0.002705465559815928
PC1,pillar3_water_board,0.01085427898058541
