"","GEOID","NAME","pop_race_countE","pop_race_countM","pop_race_whiteE","pop_race_whiteM","pop_race_blackE","pop_race_blackM","pop_race_american_indian_native_alaskanE","pop_race_american_indian_native_alaskanM","pop_race_asianE","pop_race_asianM","pop_race_native_hawaiian_pacific_islanderE","pop_race_native_hawaiian_pacific_islanderM","pop_race_other_raceE","pop_race_other_raceM","pop_race_two_or_more_racesE","pop_race_two_or_more_racesM","pop_hispanicE","pop_hispanicM","pop_hispanic_white_aloneE","pop_hispanic_white_aloneM","pop_travel_time_work_countE","pop_travel_time_work_countM","pop_travel_time_work_less_5minE","pop_travel_time_work_less_5minM","pop_travel_time_work_5_9minE","pop_travel_time_work_5_9minM","pop_travel_time_work_10_14minE","pop_travel_time_work_10_14minM","pop_travel_time_work_15_19minE","pop_travel_time_work_15_19minM","pop_travel_time_work_20_24minE","pop_travel_time_work_20_24minM","pop_travel_time_work_25_29minE","pop_travel_time_work_25_29minM","pop_travel_time_work_30_34minE","pop_travel_time_work_30_34minM","pop_travel_time_work_35_39minE","pop_travel_time_work_35_39minM","pop_travel_time_work_40_44minE","pop_travel_time_work_40_44minM","pop_travel_time_work_45_59minE","pop_travel_time_work_45_59minM","pop_travel_time_work_60_89minE","pop_travel_time_work_60_89minM","pop_travel_time_work_atleast_90minE","pop_travel_time_work_atleast_90minM","hh_type_total_countE","hh_type_total_countM","hh_type_family_countE","hh_type_family_countM","hh_type_family_size_2E","hh_type_family_size_2M","hh_type_family_size_3E","hh_type_family_size_3M","hh_type_family_size_4E","hh_type_family_size_4M","hh_type_family_size_5E","hh_type_family_size_5M","hh_type_family_size_6E","hh_type_family_size_6M","hh_type_family_size_7moreE","hh_type_family_size_7moreM","hh_type_nonfamily_countE","hh_type_nonfamily_countM","hh_type_nonfamily_size_1E","hh_type_nonfamily_size_1M","hh_type_nonfamily_size_2E","hh_type_nonfamily_size_2M","hh_type_nonfamily_size_3E","hh_type_nonfamily_size_3M","hh_type_nonfamily_size_4E","hh_type_nonfamily_size_4M","hh_type_nonfamily_size_5E","hh_type_nonfamily_size_5M","hh_type_nonfamily_size_6E","hh_type_nonfamily_size_6M","hh_type_nonfamily_size_7moreE","hh_type_nonfamily_size_7moreM","pop_educ_attainment_countE","pop_educ_attainment_countM","pop_educ_noneE","pop_educ_noneM","pop_educ_nurseryE","pop_educ_nurseryM","pop_educ_kindergartenE","pop_educ_kindergartenM","pop_educ_grade1E","pop_educ_grade1M","pop_educ_grade2E","pop_educ_grade2M","pop_educ_grade3E","pop_educ_grade3M","pop_educ_grade4E","pop_educ_grade4M","pop_educ_grade5E","pop_educ_grade5M","pop_educ_grade6E","pop_educ_grade6M","pop_educ_grade7E","pop_educ_grade7M","pop_educ_grade8E","pop_educ_grade8M","pop_educ_grade9E","pop_educ_grade9M","pop_educ_grade10E","pop_educ_grade10M","pop_educ_grade11E","pop_educ_grade11M","pop_educ_grade12_nodiplomaE","pop_educ_grade12_nodiplomaM","pop_educ_HSdiplomaE","pop_educ_HSdiplomaM","pop_educ_GEDE","pop_educ_GEDM","pop_educ_college_less_1yearE","pop_educ_college_less_1yearM","pop_educ_college_more_1year_nodegreeE","pop_educ_college_more_1year_nodegreeM","pop_educ_assocE","pop_educ_assocM","pop_educ_bachelorE","pop_educ_bachelorM","pop_educ_masterE","pop_educ_masterM","pop_educ_profE","pop_educ_profM","pop_educ_docE","pop_educ_docM","families_poverty_status_countE","families_poverty_status_countM","families_poverty_inc_ratio_less_0.5E","families_poverty_inc_ratio_less_0.5M","families_poverty_inc_ratio_0.5_0.74E","families_poverty_inc_ratio_0.5_0.74M","families_poverty_inc_ratio_0.75_0.99E","families_poverty_inc_ratio_0.75_0.99M","families_poverty_inc_ratio_1.0_1.24E","families_poverty_inc_ratio_1.0_1.24M","families_poverty_inc_ratio_1.25_1.49E","families_poverty_inc_ratio_1.25_1.49M","families_poverty_inc_ratio_1.5_1.74E","families_poverty_inc_ratio_1.5_1.74M","families_poverty_inc_ratio_1.75_1.84E","families_poverty_inc_ratio_1.75_1.84M","families_poverty_inc_ratio_1.85_1.99E","families_poverty_inc_ratio_1.85_1.99M","families_poverty_inc_ratio_2_2.99E","families_poverty_inc_ratio_2_2.99M","families_poverty_inc_ratio_3_3.99E","families_poverty_inc_ratio_3_3.99M","families_poverty_inc_ratio_4_4.99E","families_poverty_inc_ratio_4_4.99M","families_poverty_inc_ratio_5_overE","families_poverty_inc_ratio_5_overM","hh_income_countE","hh_income_countM","hh_income_less_10kE","hh_income_less_10kM","hh_income_10k_15kE","hh_income_10k_15kM","hh_income_15k_20kE","hh_income_15k_20kM","hh_income_20k_25kE","hh_income_20k_25kM","hh_income_25k_30kE","hh_income_25k_30kM","hh_income_30k_35kE","hh_income_30k_35kM","hh_income_35k_40kE","hh_income_35k_40kM","hh_income_40k_45kE","hh_income_40k_45kM","hh_income_45k_50kE","hh_income_45k_50kM","hh_income_50k_60kE","hh_income_50k_60kM","hh_income_60k_75kE","hh_income_60k_75kM","hh_income_75k_100kE","hh_income_75k_100kM","hh_income_100k_125kE","hh_income_100k_125kM","hh_income_125k_150kE","hh_income_125k_150kM","hh_income_150k_200kE","hh_income_150k_200kM","hh_income_200k_moreE","hh_income_200k_moreM","hh_wage_salary_income_countE","hh_wage_salary_income_countM","hh_wage_salary_income_withE","hh_wage_salary_income_withM","hh_wage_salary_income_withoutE","hh_wage_salary_income_withoutM","hh_public_assistance_countE","hh_public_assistance_countM","hh_public_assistance_withE","hh_public_assistance_withM","hh_public_assistance_withoutE","hh_public_assistance_withoutM","median_hh_incomeE","median_hh_incomeM","pop_in_hh_with_income_assistanceE","pop_in_hh_with_income_assistanceM","pop_in_hh_with_no_income_assistanceE","pop_in_hh_with_no_income_assistanceM","per_capita_incomeE","per_capita_incomeM","pop_employment_countE","pop_employment_countM","pop_employment_male_countE","pop_employment_male_countM","pop_employment_male_labor_force_16_19_countE","pop_employment_male_labor_force_16_19_countM","pop_employment_male_labor_force_16_19_unemployedE","pop_employment_male_labor_force_16_19_unemployedM","pop_employment_male_labor_force_20_21_countE","pop_employment_male_labor_force_20_21_countM","pop_employment_male_labor_force_20_21_unemployedE","pop_employment_male_labor_force_20_21_unemployedM","pop_employment_male_labor_force_22_24_countE","pop_employment_male_labor_force_22_24_countM","pop_employment_male_labor_force_22_24_unemployedE","pop_employment_male_labor_force_22_24_unemployedM","pop_employment_male_labor_force_25_29_countE","pop_employment_male_labor_force_25_29_countM","pop_employment_male_labor_force_25_29_unemployedE","pop_employment_male_labor_force_25_29_unemployedM","pop_employment_male_labor_force_30_34_countE","pop_employment_male_labor_force_30_34_countM","pop_employment_male_labor_force_30_34_unemployedE","pop_employment_male_labor_force_30_34_unemployedM","pop_employment_male_labor_force_35_44_countE","pop_employment_male_labor_force_35_44_countM","pop_employment_male_labor_force_35_44_unemployedE","pop_employment_male_labor_force_35_44_unemployedM","pop_employment_male_labor_force_45_54_countE","pop_employment_male_labor_force_45_54_countM","pop_employment_male_labor_force_45_54_unemployedE","pop_employment_male_labor_force_45_54_unemployedM","pop_employment_male_labor_force_55_59_countE","pop_employment_male_labor_force_55_59_countM","pop_employment_male_labor_force_55_59_unemployedE","pop_employment_male_labor_force_55_59_unemployedM","pop_employment_male_labor_force_60_61_countE","pop_employment_male_labor_force_60_61_countM","pop_employment_male_labor_force_60_61_unemployedE","pop_employment_male_labor_force_60_61_unemployedM","pop_employment_male_labor_force_62_64_countE","pop_employment_male_labor_force_62_64_countM","pop_employment_male_labor_force_62_64_unemployedE","pop_employment_male_labor_force_62_64_unemployedM","pop_employment_male_labor_force_65_69_countE","pop_employment_male_labor_force_65_69_countM","pop_employment_male_labor_force_65_69_unemployedE","pop_employment_male_labor_force_65_69_unemployedM","pop_employment_male_labor_force_70_74_countE","pop_employment_male_labor_force_70_74_countM","pop_employment_male_labor_force_70_74_unemployedE","pop_employment_male_labor_force_70_74_unemployedM","pop_employment_male_labor_force_75_above_countE","pop_employment_male_labor_force_75_above_countM","pop_employment_male_labor_force_75_above_unemployedE","pop_employment_male_labor_force_75_above_unemployedM","pop_employment_female_countE","pop_employment_female_countM","pop_employment_female_labor_force_16_19_countE","pop_employment_female_labor_force_16_19_countM","pop_employment_female_labor_force_16_19_unemployedE","pop_employment_female_labor_force_16_19_unemployedM","pop_employment_female_labor_force_20_21_countE","pop_employment_female_labor_force_20_21_countM","pop_employment_female_labor_force_20_21_unemployedE","pop_employment_female_labor_force_20_21_unemployedM","pop_employment_female_labor_force_22_24_countE","pop_employment_female_labor_force_22_24_countM","pop_employment_female_labor_force_22_24_unemployedE","pop_employment_female_labor_force_22_24_unemployedM","pop_employment_female_labor_force_25_29_countE","pop_employment_female_labor_force_25_29_countM","pop_employment_female_labor_force_25_29_unemployedE","pop_employment_female_labor_force_25_29_unemployedM","pop_employment_female_labor_force_30_34_countE","pop_employment_female_labor_force_30_34_countM","pop_employment_female_labor_force_30_34_unemployedE","pop_employment_female_labor_force_30_34_unemployedM","pop_employment_female_labor_force_35_44_countE","pop_employment_female_labor_force_35_44_countM","pop_employment_female_labor_force_35_44_unemployedE","pop_employment_female_labor_force_35_44_unemployedM","pop_employment_female_labor_force_45_54_countE","pop_employment_female_labor_force_45_54_countM","pop_employment_female_labor_force_45_54_unemployedE","pop_employment_female_labor_force_45_54_unemployedM","pop_employment_female_labor_force_55_59_countE","pop_employment_female_labor_force_55_59_countM","pop_employment_female_labor_force_55_59_unemployedE","pop_employment_female_labor_force_55_59_unemployedM","pop_employment_female_labor_force_60_61_countE","pop_employment_female_labor_force_60_61_countM","pop_employment_female_labor_force_60_61_unemployedE","pop_employment_female_labor_force_60_61_unemployedM","pop_employment_female_labor_force_62_64_countE","pop_employment_female_labor_force_62_64_countM","pop_employment_female_labor_force_62_64_unemployedE","pop_employment_female_labor_force_62_64_unemployedM","pop_employment_female_labor_force_65_69_countE","pop_employment_female_labor_force_65_69_countM","pop_employment_female_labor_force_65_69_unemployedE","pop_employment_female_labor_force_65_69_unemployedM","pop_employment_female_labor_force_70_74_countE","pop_employment_female_labor_force_70_74_countM","pop_employment_female_labor_force_70_74_unemployedE","pop_employment_female_labor_force_70_74_unemployedM","pop_employment_female_labor_force_75_above_countE","pop_employment_female_labor_force_75_above_countM","pop_employment_female_labor_force_75_above_unemployedE","pop_employment_female_labor_force_75_above_unemployedM","housing_units_countE","housing_units_countM","housing_units_vacantE","housing_units_vacantM","housing_units_occupedE","housing_units_occupedM","pop_units_countE","pop_units_countM","pop_owner_occupied_unitsE","pop_owner_occupied_unitsM","pop_rental_unitsE","pop_rental_unitsM","hh_size_avg_overallE","hh_size_avg_overallM","hh_size_avg_ownerE","hh_size_avg_ownerM","hh_size_avg_renterE","hh_size_avg_renterM","housing_unit_median_year_built_overallE","housing_unit_median_year_built_overallM","housing_unit_median_year_built_ownerE","housing_unit_median_year_built_ownerM","housing_unit_median_year_built_renterE","housing_unit_median_year_built_renterM","housing_units_plumbing_countE","housing_units_plumbing_countM","housing_units_plumbing_completeE","housing_units_plumbing_completeM","rent_medianE","rent_medianM","rent_quartile_upperE","rent_quartile_upperM","rent_quartile_lowerE","rent_quartile_lowerM","renters_countE","renters_countM","renters_all_utilities_includedE","renters_all_utilities_includedM","renters_not_all_utilities_includedE","renters_not_all_utilities_includedM","median_gross_rent_percent_hh_incomeE","median_gross_rent_percent_hh_incomeM","home_value_lower_quartileE","home_value_lower_quartileM","home_value_medianE","home_value_medianM","home_value_upper_quartileE","home_value_upper_quartileM","hh_inc_rent_countE","hh_inc_rent_countM","hh_inc_less_10k_rent_countE","hh_inc_less_10k_rent_countM","hh_inc_less_10k_rent_less_20percE","hh_inc_less_10k_rent_less_20percM","hh_inc_less_10k_rent_20_24.9percE","hh_inc_less_10k_rent_20_24.9percM","hh_inc_less_10k_rent_25_29.9percE","hh_inc_less_10k_rent_25_29.9percM","hh_inc_less_10k_rent_30_34.9percE","hh_inc_less_10k_rent_30_34.9percM","hh_inc_less_10k_rent_35_39.9percE","hh_inc_less_10k_rent_35_39.9percM","hh_inc_less_10k_rent_40_49.9percE","hh_inc_less_10k_rent_40_49.9percM","hh_inc_less_10k_rent_more_50percE","hh_inc_less_10k_rent_more_50percM","hh_inc_less_10k_rent_notComputedE","hh_inc_less_10k_rent_notComputedM","hh_inc_10k_19.9k_rent_countE","hh_inc_10k_19.9k_rent_countM","hh_inc_10k_19.9k_rent_less_20percE","hh_inc_10k_19.9k_rent_less_20percM","hh_inc_10k_19.9k_rent_20_24.9percE","hh_inc_10k_19.9k_rent_20_24.9percM","hh_inc_10k_19.9k_rent_25_29.9percE","hh_inc_10k_19.9k_rent_25_29.9percM","hh_inc_10k_19.9k_rent_30_34.9percE","hh_inc_10k_19.9k_rent_30_34.9percM","hh_inc_10k_19.9k_rent_35_39.9percE","hh_inc_10k_19.9k_rent_35_39.9percM","hh_inc_10k_19.9k_rent_40_49.9percE","hh_inc_10k_19.9k_rent_40_49.9percM","hh_inc_10k_19.9k_rent_more_50percE","hh_inc_10k_19.9k_rent_more_50percM","hh_inc_10k_19.9k_rent_notComputedE","hh_inc_10k_19.9k_rent_notComputedM","hh_inc_20k_34.9k_rent_countE","hh_inc_20k_34.9k_rent_countM","hh_inc_20k_34.9k_rent_less_20percE","hh_inc_20k_34.9k_rent_less_20percM","hh_inc_20k_34.9k_rent_20_24.9percE","hh_inc_20k_34.9k_rent_20_24.9percM","hh_inc_20k_34.9k_rent_25_29.9percE","hh_inc_20k_34.9k_rent_25_29.9percM","hh_inc_20k_34.9k_rent_30_34.9percE","hh_inc_20k_34.9k_rent_30_34.9percM","hh_inc_20k_34.9k_rent_35_39.9percE","hh_inc_20k_34.9k_rent_35_39.9percM","hh_inc_20k_34.9k_rent_40_49.9percE","hh_inc_20k_34.9k_rent_40_49.9percM","hh_inc_20k_34.9k_rent_more_50percE","hh_inc_20k_34.9k_rent_more_50percM","hh_inc_20k_34.9k_rent_notComputedE","hh_inc_20k_34.9k_rent_notComputedM","hh_inc_35k_49.9k_rent_countE","hh_inc_35k_49.9k_rent_countM","hh_inc_35k_49.9k_rent_less_20percE","hh_inc_35k_49.9k_rent_less_20percM","hh_inc_35k_49.9k_rent_20_24.9percE","hh_inc_35k_49.9k_rent_20_24.9percM","hh_inc_35k_49.9k_rent_25_29.9percE","hh_inc_35k_49.9k_rent_25_29.9percM","hh_inc_35k_49.9k_rent_30_34.9percE","hh_inc_35k_49.9k_rent_30_34.9percM","hh_inc_35k_49.9k_rent_35_39.9percE","hh_inc_35k_49.9k_rent_35_39.9percM","hh_inc_35k_49.9k_rent_40_49.9percE","hh_inc_35k_49.9k_rent_40_49.9percM","hh_inc_35k_49.9k_rent_more_50percE","hh_inc_35k_49.9k_rent_more_50percM","hh_inc_35k_49.9k_rent_notComputedE","hh_inc_35k_49.9k_rent_notComputedM","hh_inc_50k_74.9k_rent_countE","hh_inc_50k_74.9k_rent_countM","hh_inc_50k_74.9k_rent_less_20percE","hh_inc_50k_74.9k_rent_less_20percM","hh_inc_50k_74.9k_rent_20_24.9percE","hh_inc_50k_74.9k_rent_20_24.9percM","hh_inc_50k_74.9k_rent_25_29.9percE","hh_inc_50k_74.9k_rent_25_29.9percM","hh_inc_50k_74.9k_rent_30_34.9percE","hh_inc_50k_74.9k_rent_30_34.9percM","hh_inc_50k_74.9k_rent_35_39.9percE","hh_inc_50k_74.9k_rent_35_39.9percM","hh_inc_50k_74.9k_rent_40_49.9percE","hh_inc_50k_74.9k_rent_40_49.9percM","hh_inc_50k_74.9k_rent_more_50percE","hh_inc_50k_74.9k_rent_more_50percM","hh_inc_50k_74.9k_rent_notComputedE","hh_inc_50k_74.9k_rent_notComputedM","hh_inc_75k_99.9k_rent_countE","hh_inc_75k_99.9k_rent_countM","hh_inc_75k_99.9k_rent_less_20percE","hh_inc_75k_99.9k_rent_less_20percM","hh_inc_75k_99.9k_rent_20_24.9percE","hh_inc_75k_99.9k_rent_20_24.9percM","hh_inc_75k_99.9k_rent_25_29.9percE","hh_inc_75k_99.9k_rent_25_29.9percM","hh_inc_75k_99.9k_rent_30_34.9percE","hh_inc_75k_99.9k_rent_30_34.9percM","hh_inc_75k_99.9k_rent_35_39.9percE","hh_inc_75k_99.9k_rent_35_39.9percM","hh_inc_75k_99.9k_rent_40_49.9percE","hh_inc_75k_99.9k_rent_40_49.9percM","hh_inc_75k_99.9k_rent_more_50percE","hh_inc_75k_99.9k_rent_more_50percM","hh_inc_75k_99.9k_rent_notComputedE","hh_inc_75k_99.9k_rent_notComputedM","hh_inc_more_100k_rent_countE","hh_inc_more_100k_rent_countM","hh_inc_more_100k_rent_less_20percE","hh_inc_more_100k_rent_less_20percM","hh_inc_more_100k_rent_20_24.9percE","hh_inc_more_100k_rent_20_24.9percM","hh_inc_more_100k_rent_25_29.9percE","hh_inc_more_100k_rent_25_29.9percM","hh_inc_more_100k_rent_30_34.9percE","hh_inc_more_100k_rent_30_34.9percM","hh_inc_more_100k_rent_35_39.9percE","hh_inc_more_100k_rent_35_39.9percM","hh_inc_more_100k_rent_40_49.9percE","hh_inc_more_100k_rent_40_49.9percM","hh_inc_more_100k_rent_more_50percE","hh_inc_more_100k_rent_more_50percM","hh_inc_more_100k_rent_notComputedE","hh_inc_more_100k_rent_notComputedM","hh_income_aggregateE","hh_income_aggregateM","hh_income_aggregate_share_Q1E","hh_income_aggregate_share_Q1M","hh_income_aggregate_share_Q2E","hh_income_aggregate_share_Q2M","hh_income_aggregate_share_Q3E","hh_income_aggregate_share_Q3M","hh_income_aggregate_share_Q4E","hh_income_aggregate_share_Q4M","hh_income_aggregate_share_Q5E","hh_income_aggregate_share_Q5M","hh_income_aggregate_share_Top5E","hh_income_aggregate_share_Top5M"
"1","17043846206","Census Tract 8462.06, DuPage County, Illinois",4359,254,3933,223,117,133,0,11,161,116,0,11,27,28,121,94,163,91,148,87,2159,189,37,27,176,62,254,97,505,161,184,66,71,38,163,77,115,58,89,55,197,86,304,77,64,33,1570,75,1193,100,486,101,264,74,232,60,156,49,50,42,5,10,377,101,343,98,10,16,24,24,0,11,0,11,0,11,0,11,2788,181,0,11,0,11,0,11,0,11,0,11,0,11,0,11,0,11,12,19,0,11,8,11,0,11,0,11,13,20,10,16,312,122,66,63,160,64,307,102,240,107,966,185,453,108,115,64,126,67,1193,100,7,11,3,7,24,23,23,25,9,14,54,71,21,26,29,35,26,24,76,43,209,71,712,88,1570,75,71,39,16,18,47,36,0,11,70,72,77,55,36,29,28,26,0,11,39,30,78,59,183,64,180,65,203,91,280,75,262,85,1570,75,1257,87,313,72,1570,75,95,76,1475,80,119000,16707,32,38,1114,121,46339,4387,3378,210,1627,142,32,28,0,11,66,65,13,21,91,52,0,11,73,59,0,11,123,54,20,30,208,52,9,15,316,64,0,11,110,48,0,11,110,69,0,11,18,21,0,11,33,24,0,11,13,15,0,11,7,11,0,11,1751,124,59,44,35,40,0,11,0,11,140,65,0,11,139,61,0,11,47,28,0,11,242,49,0,11,270,93,0,11,174,66,12,14,65,42,0,11,44,35,0,11,27,23,0,11,27,44,0,11,0,11,0,11,1656,59,86,52,1570,75,4357,254,3703,217,654,237,2.78,0.13,3.03,0.14,1.87,0.38,1967,2,1967,2,1971,6,1570,75,1570,75,1175,40,1339,145,1073,31,349,90,11,16,338,90,35.1,16.3,318100,5299,355000,4313,392000,6080,349,90,46,33,0,11,0,11,0,11,0,11,0,11,0,11,27,24,19,21,44,35,0,11,0,11,0,11,0,11,0,11,0,11,34,31,10,17,70,70,0,11,0,11,0,11,0,11,12,19,0,11,58,71,0,11,30,28,11,16,0,11,0,11,0,11,19,22,0,11,0,11,0,11,74,59,0,11,38,49,13,18,9,14,0,11,0,11,0,11,14,21,49,36,31,29,14,20,0,11,0,11,4,8,0,11,0,11,0,11,36,33,28,31,0,11,8,13,0,11,0,11,0,11,0,11,0,11,200054800,18024663,3.53,0.79,11.35,1.75,18.71,1.32,25.8,1.6,40.62,2.87,14.68,3.08
"2","17197880309","Census Tract 8803.09, Will County, Illinois",4939,251,3392,244,142,91,0,11,1165,154,0,11,95,103,145,90,163,109,116,74,2241,206,0,11,127,50,208,80,270,87,218,75,47,31,278,95,51,33,103,56,314,81,447,124,178,65,1416,47,1322,59,375,87,243,75,501,91,133,56,28,24,42,48,94,49,85,45,0,11,9,12,0,11,0,11,0,11,0,11,3015,131,0,11,0,11,0,11,0,11,0,11,0,11,0,11,36,51,27,32,0,11,0,11,0,11,0,11,0,11,35,26,214,90,41,28,109,60,349,92,157,65,1329,153,574,115,42,28,102,86,1322,59,9,15,0,11,0,11,8,12,0,11,26,30,0,11,0,11,88,41,76,54,140,73,975,111,1416,47,9,15,0,11,16,17,6,10,17,19,0,11,16,19,17,26,10,15,41,41,27,25,115,54,145,66,205,59,340,91,452,95,1416,47,1316,61,100,45,1416,47,27,22,1389,45,152778,11336,23,26,1448,144,51864,4681,3803,159,1903,127,89,54,9,15,13,20,0,11,59,56,0,11,60,34,14,21,96,47,0,11,263,57,0,11,526,71,0,11,203,64,9,15,28,27,9,15,106,55,0,11,27,21,0,11,6,11,0,11,0,11,0,11,1900,132,116,67,9,13,34,35,0,11,52,44,0,11,30,44,0,11,35,29,13,20,241,63,0,11,384,70,0,11,148,50,12,18,27,25,0,11,25,21,0,11,29,22,0,11,0,11,0,11,0,11,0,11,1416,47,0,11,1416,47,4939,251,4669,292,270,168,3.49,0.17,3.5,0.18,3.33,0.77,NA,NA,1994,1,1979,19,1416,47,1416,47,NA,NA,2827,1457,NA,NA,81,47,0,11,81,47,20.8,10.3,400700,15650,447600,7492,494600,11991,81,47,0,11,0,11,0,11,0,11,0,11,0,11,0,11,0,11,0,11,8,13,0,11,0,11,0,11,0,11,0,11,0,11,8,13,0,11,0,11,0,11,0,11,0,11,0,11,0,11,0,11,0,11,0,11,0,11,0,11,0,11,0,11,0,11,0,11,0,11,0,11,0,11,0,11,0,11,0,11,0,11,0,11,0,11,0,11,0,11,0,11,41,40,24,36,9,12,0,11,0,11,0,11,0,11,0,11,8,12,32,36,11,17,0,11,21,31,0,11,0,11,0,11,0,11,0,11,252131700,21027866,7.1,1.23,14.03,0.95,17.62,0.84,23.91,1.26,37.34,2.24,12.14,1.24
"3","17043841607","Census Tract 8416.07, DuPage County, Illinois",4517,354,3877,392,162,197,0,11,323,248,0,11,59,60,96,63,752,247,650,248,2258,196,63,48,90,53,336,99,318,106,330,109,121,58,415,103,27,25,163,67,226,89,97,53,72,56,1667,114,1127,103,409,89,293,81,227,68,139,78,27,23,32,24,540,116,439,107,101,56,0,11,0,11,0,11,0,11,0,11,2975,217,34,34,0,11,0,11,0,11,0,11,0,11,1,4,9,13,39,63,0,11,22,34,7,12,0,11,13,17,30,38,445,123,28,25,217,78,329,93,220,76,1079,168,369,100,38,35,95,62,1127,103,18,20,8,13,44,35,12,18,27,26,47,48,7,10,0,11,138,63,187,65,108,55,531,97,1667,114,28,21,17,19,58,36,8,12,79,46,23,25,50,40,49,30,52,48,160,68,232,71,227,64,163,76,114,57,288,94,119,50,1667,114,1475,112,192,65,1667,114,121,68,1546,135,86509,7691,340,208,755,136,38779,4085,3534,254,1690,150,62,45,0,11,57,63,0,11,57,49,28,43,105,45,12,18,156,52,0,11,304,52,7,12,328,80,11,17,90,57,0,11,44,45,0,11,25,20,0,11,51,30,8,13,16,17,0,11,20,20,0,11,1844,193,9,14,0,11,50,62,0,11,43,34,0,11,150,58,0,11,149,56,0,11,191,70,39,47,393,82,13,20,175,72,0,11,29,25,0,11,78,47,0,11,21,21,0,11,8,13,0,11,8,12,0,11,1740,109,73,58,1667,114,4510,355,3726,323,784,346,2.71,0.23,2.63,0.18,3.12,0.98,1976,1,1976,2,1977,6,1667,114,1667,114,1341,99,1502,186,1023,276,251,72,0,11,251,72,31.5,6.1,159200,4995,191400,7256,299000,36012,251,72,10,16,0,11,0,11,0,11,0,11,0,11,0,11,0,11,10,16,0,11,0,11,0,11,0,11,0,11,0,11,0,11,0,11,0,11,33,33,0,11,0,11,0,11,0,11,0,11,0,11,33,33,0,11,83,58,0,11,0,11,0,11,33,37,50,46,0,11,0,11,0,11,40,26,10,16,0,11,9,14,21,23,0,11,0,11,0,11,0,11,24,23,7,10,17,19,0,11,0,11,0,11,0,11,0,11,0,11,61,43,39,28,22,34,0,11,0,11,0,11,0,11,0,11,0,11,172040400,18456643,5.4,1.02,11.08,0.81,16.49,1.49,25.24,1.5,41.79,2.98,15.5,2.29
"4","17043846522","Census Tract 8465.22, DuPage County, Illinois",4097,273,2149,264,226,156,18,29,1496,273,0,11,34,30,174,115,465,180,362,167,2108,175,15,18,84,45,192,80,302,106,281,93,158,67,266,85,76,45,114,63,185,70,358,97,77,47,1588,81,1031,114,344,106,296,92,280,84,76,41,16,19,19,21,557,114,426,108,128,85,0,11,0,11,3,8,0,11,0,11,2658,183,7,11,0,11,0,11,0,11,0,11,0,11,10,16,11,17,9,15,0,11,0,11,0,11,0,11,0,11,7,11,205,83,9,15,61,49,189,75,209,81,1030,152,760,166,62,35,89,61,1031,114,21,33,0,11,0,11,20,22,0,11,21,23,16,19,0,11,94,54,173,86,151,58,535,76,1588,81,34,38,0,11,22,25,33,31,34,30,0,11,62,51,11,17,20,17,107,63,85,69,241,91,228,79,157,78,251,88,303,82,1588,81,1473,90,115,54,1588,81,11,18,1577,80,112250,12107,10,15,961,131,53150,5313,3252,230,1503,131,35,29,0,11,9,14,0,11,151,82,0,11,98,53,0,11,180,88,7,12,344,73,9,14,287,78,0,11,154,64,0,11,9,14,0,11,26,25,0,11,19,22,0,11,0,11,0,11,11,18,0,11,1749,163,23,22,0,11,32,33,0,11,124,78,0,11,184,82,6,10,86,44,0,11,262,68,0,11,200,73,0,11,39,34,0,11,58,65,0,11,11,18,0,11,22,25,0,11,11,17,0,11,0,11,0,11,1620,61,32,50,1588,81,4097,273,2820,354,1277,309,2.58,0.18,2.73,0.25,2.3,0.26,1997,1,1997,1,1997,2,1588,81,1588,81,1511,134,1815,104,1321,72,556,118,0,11,556,118,25.4,2.8,305500,8915,341800,6131,378100,5787,556,118,0,11,0,11,0,11,0,11,0,11,0,11,0,11,0,11,0,11,22,25,0,11,0,11,0,11,0,11,0,11,0,11,22,25,0,11,46,36,0,11,0,11,0,11,0,11,0,11,0,11,46,36,0,11,27,27,0,11,0,11,0,11,0,11,0,11,6,10,9,15,12,18,129,82,0,11,0,11,62,65,20,23,23,24,0,11,24,36,0,11,130,78,11,17,68,62,42,30,9,13,0,11,0,11,0,11,0,11,202,83,131,72,54,51,0,11,17,27,0,11,0,11,0,11,0,11,215604500,22305413,5.26,1.28,11.68,1.3,16.89,1.25,24.03,1.55,42.14,3.37,15.63,2.71
"5","17043846507","Census Tract 8465.07, DuPage County, Illinois",2578,297,1215,223,437,164,0,11,780,171,0,11,75,78,71,49,230,112,121,91,1438,228,0,11,109,69,154,80,128,58,87,47,146,80,229,112,174,116,30,24,107,57,181,87,93,66,1120,131,632,108,288,95,100,46,208,67,13,20,23,25,0,11,488,121,377,105,111,55,0,11,0,11,0,11,0,11,0,11,1722,212,0,11,0,11,0,11,0,11,0,11,0,11,0,11,0,11,4,7,0,11,0,11,0,11,0,11,126,100,0,11,108,51,11,13,84,60,226,88,121,64,611,135,320,98,32,32,79,54,632,108,0,11,0,11,11,17,19,22,31,49,0,11,0,11,13,20,82,50,110,65,55,40,311,93,1120,131,13,14,0,11,26,41,61,60,6,9,22,22,42,37,49,40,14,17,77,60,137,76,235,90,125,60,83,42,92,49,138,65,1120,131,1015,136,105,55,1120,131,83,70,1037,138,87838,8097,84,64,537,97,47406,5637,2042,264,981,160,54,58,0,11,27,36,0,11,50,50,0,11,98,60,0,11,159,73,7,12,170,50,13,21,174,56,0,11,11,12,0,11,31,31,0,11,34,35,0,11,31,41,0,11,4,6,0,11,3,6,0,11,1061,214,96,116,11,17,15,20,12,19,52,52,0,11,70,39,0,11,125,68,0,11,208,83,14,19,134,53,26,41,74,51,0,11,0,11,0,11,12,17,0,11,0,11,0,11,0,11,0,11,3,6,0,11,1316,96,196,133,1120,131,2578,297,1349,287,1229,273,2.3,0.19,2.45,0.35,2.16,0.2,1998,2,1998,2,1998,2,1120,131,1120,131,1461,84,1764,113,1294,81,569,121,0,11,569,121,23.2,3.5,169200,11201,198800,19156,322800,55839,569,121,6,10,0,11,0,11,0,11,0,11,0,11,0,11,6,10,0,11,0,11,0,11,0,11,0,11,0,11,0,11,0,11,0,11,0,11,28,26,0,11,0,11,0,11,0,11,0,11,9,13,19,22,0,11,61,49,0,11,0,11,0,11,0,11,19,29,0,11,42,37,0,11,159,75,0,11,19,38,73,54,54,56,13,20,0,11,0,11,0,11,108,65,35,44,59,51,4,8,10,15,0,11,0,11,0,11,0,11,207,89,189,88,18,29,0,11,0,11,0,11,0,11,0,11,0,11,120177700,19572776,5.41,1.48,11.6,1.52,16.26,1.27,22.75,1.98,43.97,3.66,15.91,3.04
"6","17043846207","Census Tract 8462.07, DuPage County, Illinois",5626,268,4716,266,216,142,0,16,437,74,0,16,46,46,211,104,275,146,152,96,2507,257,18,27,130,66,248,95,402,101,283,113,222,73,275,73,46,37,165,55,292,97,326,98,100,52,1950,85,1590,85,646,94,279,92,415,87,182,58,60,34,8,13,360,70,349,72,11,18,0,16,0,16,0,16,0,16,0,16,3800,174,19,22,0,16,0,16,0,16,0,16,0,16,0,16,16,23,0,16,0,16,0,16,0,16,0,16,0,16,18,20,354,103,23,23,240,95,256,87,258,86,1584,208,814,160,128,67,90,46,1590,85,0,16,0,16,15,23,8,12,0,16,0,16,0,16,8,12,86,46,167,68,186,62,1120,119,1950,85,9,14,0,16,23,25,20,22,63,58,35,33,17,13,60,39,30,26,46,36,124,57,301,86,149,60,198,78,409,81,466,97,1950,85,1611,113,339,83,1950,85,0,16,1950,85,130682,18898,0,16,1406,94,55478,5165,4409,229,2125,142,83,45,8,13,68,69,0,16,34,30,0,16,48,31,0,16,157,64,0,16,380,80,10,15,396,72,7,14,199,79,30,48,66,34,0,16,73,40,0,16,50,37,0,16,25,27,10,16,12,19,0,16,2284,173,89,55,21,24,78,58,0,16,42,37,0,16,84,47,0,16,115,54,9,17,252,70,9,14,378,72,0,16,160,45,10,16,67,38,0,16,90,46,0,16,38,35,0,16,8,14,0,16,11,17,0,16,2022,53,72,75,1950,85,5626,268,5500,291,126,82,2.89,0.11,2.91,0.12,2.14,1.36,1983,2,1983,1,1978,6,1950,85,1950,85,2178,258,2339,131,2016,414,59,48,0,16,59,48,51,NA,253400,34053,355100,13194,454200,18262,59,48,0,16,0,16,0,16,0,16,0,16,0,16,0,16,0,16,0,16,0,16,0,16,0,16,0,16,0,16,0,16,0,16,0,16,0,16,29,44,0,16,0,16,0,16,0,16,0,16,0,16,29,44,0,16,0,16,0,16,0,16,0,16,0,16,0,16,0,16,0,16,0,16,10,16,0,16,0,16,0,16,0,16,0,16,0,16,0,16,10,16,0,16,0,16,0,16,0,16,0,16,0,16,0,16,0,16,0,16,20,22,0,16,20,22,0,16,0,16,0,16,0,16,0,16,0,16,311046500,31193945,5.23,0.92,10.89,1.12,17.11,1.26,22.93,1.5,43.84,3.47,18.34,3.35
"7","17043841606","Census Tract 8416.06, DuPage County, Illinois",2168,148,1934,163,93,64,0,11,93,59,0,11,7,11,41,31,42,26,35,24,1374,149,48,44,154,61,181,63,170,53,184,56,80,41,179,61,20,19,62,29,97,38,157,70,42,24,956,62,520,59,294,52,84,33,91,30,31,26,20,16,0,11,436,59,287,56,109,49,40,42,0,11,0,11,0,11,0,11,1623,136,11,16,0,11,0,11,0,11,0,11,0,11,0,11,0,11,0,11,0,11,0,11,0,11,0,11,19,17,21,25,144,47,17,16,72,31,188,69,122,39,684,118,246,60,50,26,49,37,520,59,14,20,0,11,0,11,0,11,0,11,0,11,0,11,0,11,53,25,73,31,64,26,316,71,956,62,34,34,6,9,6,9,9,12,16,14,0,11,19,14,46,31,34,22,60,40,75,35,155,47,147,55,125,56,108,44,116,55,956,62,838,72,118,44,956,62,15,13,941,62,101875,8961,8,12,304,65,50865,4417,1911,145,1023,122,20,17,9,12,24,20,6,9,64,35,15,26,81,39,5,9,136,71,0,11,172,49,0,11,214,48,5,8,45,31,0,11,27,16,0,11,17,17,0,11,48,24,0,11,15,14,0,11,0,11,0,11,888,94,49,31,0,11,24,17,1,3,50,52,0,11,70,44,0,11,37,20,0,11,123,42,0,11,171,39,5,7,48,24,0,11,11,10,0,11,19,16,0,11,46,27,0,11,6,9,0,11,9,10,0,11,980,63,24,26,956,62,2168,148,1652,147,516,99,2.27,0.11,2.51,0.16,1.73,0.18,1993,2,1993,2,1993,1,956,62,956,62,1514,97,1757,66,1336,58,299,51,0,11,299,51,27.8,4.9,229000,12993,286300,20022,384700,25751,299,51,20,27,0,11,0,11,0,11,0,11,0,11,0,11,0,11,20,27,0,11,0,11,0,11,0,11,0,11,0,11,0,11,0,11,0,11,12,12,0,11,0,11,0,11,0,11,0,11,6,9,6,9,0,11,52,33,0,11,0,11,0,11,10,11,27,27,6,9,9,13,0,11,75,41,0,11,20,24,15,16,0,11,40,36,0,11,0,11,0,11,57,25,0,11,22,18,22,16,13,13,0,11,0,11,0,11,0,11,83,43,73,42,4,7,0,11,6,8,0,11,0,11,0,11,0,11,109019800,12314695,5.7,1.53,12.31,1.48,17.96,1.45,23.38,1.33,40.64,3.82,14.3,2.42
"8","17043842601","Census Tract 8426.01, DuPage County, Illinois",4066,184,3601,243,22,26,0,11,306,154,0,11,18,28,119,64,169,138,169,138,1726,169,23,22,171,57,233,90,318,99,161,62,121,44,194,69,23,27,52,38,180,58,201,75,49,31,1372,56,1182,71,496,89,217,66,290,63,134,39,45,28,0,11,190,66,167,66,23,16,0,11,0,11,0,11,0,11,0,11,2708,142,0,11,0,11,0,11,0,11,0,11,0,11,0,11,0,11,0,11,0,11,0,11,0,11,27,40,8,12,0,11,110,62,7,11,88,45,164,59,147,59,1147,162,775,132,155,57,80,40,1182,71,0,11,0,11,0,11,0,11,0,11,15,16,8,11,0,11,63,36,84,45,61,34,951,95,1372,56,0,11,13,16,0,11,0,11,29,23,0,11,8,13,4,8,12,14,88,45,49,27,127,53,206,93,105,54,231,74,500,95,1372,56,1226,63,146,42,1372,56,6,11,1366,59,156964,15522,24,28,1113,104,70288,8306,3064,161,1565,115,60,36,6,9,24,23,6,10,58,38,23,26,60,35,11,17,119,63,9,16,209,48,0,11,320,69,17,23,177,64,8,14,59,36,0,11,38,33,0,11,81,36,17,18,68,44,0,11,13,14,0,11,1499,101,48,31,0,11,10,16,0,11,27,26,0,11,93,55,23,26,62,39,0,11,174,59,12,18,208,57,0,11,150,54,18,19,52,40,0,11,44,31,0,11,28,22,6,10,8,12,0,11,4,8,0,11,1444,38,72,46,1372,56,4066,184,3608,188,458,122,2.96,0.14,3.16,0.15,1.98,0.39,1985,2,1985,1,1994,4,1372,56,1372,56,1752,65,1937,92,1567,72,231,59,0,11,231,59,24.5,7.6,452100,10662,527300,36323,656000,21782,231,59,0,11,0,11,0,11,0,11,0,11,0,11,0,11,0,11,0,11,6,11,0,11,0,11,0,11,0,11,0,11,0,11,6,11,0,11,8,11,0,11,0,11,0,11,0,11,0,11,0,11,8,11,0,11,0,11,0,11,0,11,0,11,0,11,0,11,0,11,0,11,0,11,75,40,0,11,0,11,0,11,27,23,28,28,20,19,0,11,0,11,30,25,9,14,10,15,0,11,11,17,0,11,0,11,0,11,0,11,112,51,33,25,71,42,8,14,0,11,0,11,0,11,0,11,0,11,283836600,33511802,5.65,1.13,10.5,1.28,15.11,1.5,21.74,1.88,47.01,4.27,19.73,3.04
"9","17197880312","Census Tract 8803.12, Will County, Illinois",11320,631,6876,458,453,158,0,18,3676,468,0,18,18,29,297,189,398,98,398,98,4683,467,15,24,144,90,408,212,391,157,688,194,152,78,638,166,130,79,273,89,480,161,894,195,470,130,3730,197,3123,210,1015,175,731,183,904,156,394,129,57,43,22,25,607,166,576,169,31,37,0,18,0,18,0,18,0,18,0,18,7371,442,18,27,0,18,0,18,0,18,0,18,19,31,0,18,0,18,0,18,0,18,20,29,20,31,23,26,0,18,75,54,488,139,27,30,192,85,433,161,193,77,3277,364,1993,322,352,116,241,116,3123,210,15,24,0,18,0,18,0,18,30,34,27,34,0,18,26,29,136,73,258,104,217,85,2414,198,3730,197,43,40,26,29,63,81,30,34,45,41,80,76,27,32,72,64,51,42,94,52,224,108,315,132,319,108,326,134,607,140,1408,170,3730,197,3082,187,648,137,3730,197,57,51,3673,194,157406,22138,79,71,3102,238,63809,4693,8392,537,4095,307,100,73,0,18,100,69,20,32,193,112,0,18,49,51,16,25,174,101,0,18,954,154,27,35,845,165,0,18,360,114,0,18,131,66,0,18,151,90,0,18,99,54,0,18,37,35,0,18,13,21,0,18,4297,335,97,89,0,18,60,91,0,18,123,76,20,32,108,91,0,18,190,82,11,18,592,134,13,21,719,146,21,25,211,85,14,23,68,51,0,18,25,30,0,18,125,66,11,20,0,18,0,18,0,18,0,18,4017,145,287,168,3730,197,11320,631,10421,648,899,321,3.03,0.12,3.1,0.13,2.47,0.57,2005,1,2005,2,2003,7,3730,197,3730,197,1985,276,2383,287,1694,145,364,141,15,23,349,139,30.1,9.6,379400,27267,520300,28861,661200,16494,364,141,15,23,0,18,0,18,0,18,0,18,0,18,0,18,15,23,0,18,14,23,0,18,0,18,0,18,0,18,0,18,0,18,14,23,0,18,55,71,0,18,0,18,0,18,0,18,0,18,0,18,55,71,0,18,0,18,0,18,0,18,0,18,0,18,0,18,0,18,0,18,0,18,107,89,0,18,0,18,0,18,64,79,15,23,13,20,0,18,15,23,13,22,0,18,0,18,13,22,0,18,0,18,0,18,0,18,0,18,160,75,101,60,44,41,15,24,0,18,0,18,0,18,0,18,0,18,713869600,59898043,4.52,0.77,10.75,1.01,16.67,1.11,24.26,1.3,43.79,2.79,16.36,2.41
"10","17043846523","Census Tract 8465.23, DuPage County, Illinois",2726,138,2580,164,9,13,0,11,51,45,0,11,31,42,55,34,18,17,14,15,1178,95,58,35,96,37,157,42,177,47,143,49,81,39,121,48,26,19,99,39,63,31,106,35,51,24,927,44,814,47,338,60,204,50,184,37,44,24,44,28,0,11,113,34,93,33,14,13,6,9,0,11,0,11,0,11,0,11,1869,85,4,7,0,11,0,11,0,11,0,11,0,11,0,11,0,11,0,11,0,11,0,11,0,11,0,11,0,11,10,10,92,44,52,42,87,34,191,60,110,45,775,98,428,81,53,26,67,26,814,47,11,11,0,11,0,11,0,11,0,11,14,10,5,7,0,11,24,18,39,22,85,35,636,66,927,44,11,12,6,8,4,7,0,11,4,6,11,11,6,10,4,6,23,17,10,11,46,21,83,34,89,40,147,46,222,50,261,55,927,44,766,56,161,44,927,44,5,7,922,44,155655,15024,0,11,698,68,61675,5859,2043,104,1010,66,16,16,0,11,10,12,10,12,36,27,6,8,34,21,4,6,60,30,16,14,187,34,0,11,133,40,0,11,81,27,0,11,25,19,0,11,75,31,0,11,62,28,0,11,10,11,0,11,20,17,0,11,1033,69,37,27,5,8,17,19,0,11,27,25,0,11,45,23,7,10,53,29,0,11,161,42,0,11,164,46,10,13,85,25,9,9,12,10,0,11,24,18,0,11,2,4,0,11,4,7,0,11,16,18,0,11,950,34,23,25,927,44,2715,135,2429,171,286,133,2.93,0.13,2.9,0.14,3.25,0.37,1970,4,1975,4,1964,2,927,44,927,44,2083,226,2319,121,1804,262,88,40,0,11,88,40,19,8.9,341800,11314,415300,25093,564800,45345,88,40,5,7,0,11,0,11,0,11,0,11,0,11,0,11,0,11,5,7,6,8,0,11,0,11,0,11,0,11,0,11,0,11,6,8,0,11,0,11,0,11,0,11,0,11,0,11,0,11,0,11,0,11,0,11,4,6,0,11,0,11,0,11,0,11,0,11,0,11,4,6,0,11,9,13,0,11,0,11,0,11,0,11,0,11,9,13,0,11,0,11,15,13,0,11,0,11,6,8,0,11,6,8,0,11,0,11,3,6,49,35,49,35,0,11,0,11,0,11,0,11,0,11,0,11,0,11,166286800,16319640,6.56,1.13,13.2,1.24,17.25,1.05,21.97,1.32,41.01,3.38,17.26,3.24
"11","17197880119","Census Tract 8801.19, Will County, Illinois",4071,219,2997,249,86,73,34,50,819,251,0,11,21,24,114,74,157,100,136,99,1808,202,0,11,60,36,127,52,171,58,202,72,148,66,244,74,85,61,117,67,260,74,267,97,127,51,1435,78,1143,86,480,91,235,59,252,60,123,47,52,32,1,7,292,83,271,81,21,24,0,11,0,11,0,11,0,11,0,11,2760,194,23,38,0,11,0,11,0,11,0,11,0,11,0,11,0,11,0,11,9,16,0,11,10,15,0,11,0,11,23,34,206,82,32,28,79,48,245,86,203,69,1094,175,693,142,53,34,90,43,1143,86,11,16,9,14,11,17,0,11,35,27,0,11,0,11,9,14,69,43,89,46,111,46,799,106,1435,78,44,46,11,17,9,14,0,11,12,18,61,38,30,27,0,11,60,35,79,56,72,41,104,52,152,53,119,60,248,75,434,95,1435,78,1192,90,243,87,1435,78,31,28,1404,82,141960,19199,26,31,952,145,57598,5140,3234,244,1581,147,16,18,0,11,20,22,0,11,66,37,0,11,61,40,9,14,41,32,0,11,225,63,0,11,308,78,20,22,219,95,0,11,57,36,0,11,60,37,0,11,97,47,0,11,14,17,0,11,0,11,0,11,1653,160,32,26,0,11,7,13,0,11,97,57,10,16,62,40,12,18,24,20,0,11,170,53,33,39,165,54,0,11,227,76,9,13,47,33,0,11,37,31,0,11,24,21,0,11,35,32,14,22,33,30,0,11,1466,82,31,37,1435,78,4071,219,3906,241,165,121,2.84,0.14,2.83,0.14,3,1.23,1987,1,1987,1,1985,4,1435,78,1435,78,1477,248,1733,288,1293,217,55,36,0,11,55,36,23.4,49.6,287200,22435,401100,25253,560600,44181,55,36,0,11,0,11,0,11,0,11,0,11,0,11,0,11,0,11,0,11,9,14,0,11,0,11,0,11,0,11,0,11,0,11,9,14,0,11,0,11,0,11,0,11,0,11,0,11,0,11,0,11,0,11,0,11,11,17,0,11,0,11,0,11,0,11,0,11,0,11,11,17,0,11,0,11,0,11,0,11,0,11,0,11,0,11,0,11,0,11,0,11,9,15,9,15,0,11,0,11,0,11,0,11,0,11,0,11,0,11,26,25,7,11,11,18,0,11,0,11,0,11,0,11,0,11,8,13,230431400,26138755,4.33,1.28,10.7,1.53,17.62,1.36,24.64,1.44,42.71,3.43,16.57,2.51
"12","17043846304","Census Tract 8463.04, DuPage County, Illinois",6404,355,4003,483,220,256,18,26,1996,496,0,16,0,16,167,113,124,113,124,113,3185,336,19,30,193,116,277,112,463,149,314,139,211,125,425,142,154,89,123,79,384,129,478,161,144,83,2178,125,1790,140,623,135,451,155,478,137,179,86,49,47,10,18,388,132,307,113,70,53,11,19,0,16,0,16,0,16,0,16,4579,251,116,103,0,16,0,16,0,16,0,16,0,16,0,16,0,16,50,83,0,16,23,36,0,16,14,22,11,19,11,18,350,134,18,29,96,61,261,111,221,102,1816,242,1110,225,191,122,291,127,1790,140,20,30,0,16,0,16,21,34,19,29,10,16,0,16,0,16,133,83,115,68,209,106,1263,178,2178,125,46,42,24,29,31,37,34,41,29,32,13,21,11,19,90,73,69,58,88,61,127,81,156,87,257,85,168,83,335,123,700,178,2178,125,1870,145,308,102,2178,125,33,39,2145,124,144583,21716,21,33,1410,191,59397,7863,5182,315,2475,193,23,38,0,16,31,48,0,16,62,71,28,49,216,95,0,16,197,97,0,16,390,108,18,26,410,139,21,33,304,110,0,16,124,65,0,16,69,58,0,16,86,61,26,42,27,32,0,16,15,21,0,16,2707,240,79,64,0,16,28,47,0,16,88,82,0,16,36,41,0,16,106,77,0,16,316,104,0,16,515,150,46,54,302,109,0,16,35,41,0,16,87,67,0,16,75,48,0,16,22,25,0,16,0,16,0,16,2279,62,101,99,2178,125,6404,355,5968,399,436,196,2.94,0.16,3.01,0.17,2.26,0.55,1990,2,1989,2,2001,8,2178,125,2178,125,1614,204,1882,151,1390,117,193,65,0,16,193,65,24.6,7.8,352100,18731,446600,23629,604800,55020,193,65,13,22,0,16,0,16,0,16,0,16,0,16,0,16,0,16,13,22,23,29,0,16,0,16,0,16,0,16,0,16,0,16,23,29,0,16,0,16,0,16,0,16,0,16,0,16,0,16,0,16,0,16,0,16,12,21,0,16,0,16,0,16,0,16,0,16,12,21,0,16,0,16,37,40,0,16,0,16,0,16,18,28,19,28,0,16,0,16,0,16,30,35,13,22,17,28,0,16,0,16,0,16,0,16,0,16,0,16,78,57,44,43,19,29,15,24,0,16,0,16,0,16,0,16,0,16,378441800,55764350,4.12,0.98,10.42,1.52,16.63,1.49,23.59,1.84,45.24,3.64,16.81,2.18
"13","17043846103","Census Tract 8461.03, DuPage County, Illinois",5587,289,4684,295,176,189,4,8,549,87,0,16,25,23,149,69,331,134,260,127,2511,224,53,34,220,80,304,87,337,119,307,92,164,63,330,110,23,22,131,59,232,76,290,105,120,68,1910,93,1359,94,614,117,246,100,324,74,122,49,53,37,0,16,551,110,496,107,55,33,0,16,0,16,0,16,0,16,0,16,3553,199,42,46,0,16,0,16,0,16,0,16,0,16,0,16,0,16,0,16,0,16,8,13,9,14,0,16,8,15,20,17,266,95,47,31,151,64,288,95,423,119,1163,169,906,166,111,49,111,60,1359,94,59,49,0,16,0,16,0,16,20,22,0,16,8,12,22,33,43,33,105,45,174,70,928,112,1910,93,89,49,10,17,22,25,71,58,29,25,27,27,19,22,39,28,20,22,84,46,147,64,140,48,210,83,312,106,324,74,367,90,1910,93,1457,110,453,92,1910,93,66,44,1844,103,127264,7306,7,12,1126,106,50058,4958,4581,279,2215,186,112,57,48,39,56,41,0,16,74,40,0,16,94,41,0,16,253,86,7,9,281,89,0,16,406,91,19,21,136,58,0,16,40,24,10,17,87,49,26,32,47,41,0,16,0,16,0,16,10,16,0,16,2366,173,146,68,15,26,93,46,10,17,75,40,0,16,88,46,0,16,199,73,0,16,193,59,15,17,320,85,0,16,98,36,10,17,34,25,0,16,45,30,0,16,50,30,0,16,22,23,11,18,0,16,0,16,2038,75,128,80,1910,93,4948,236,3802,310,1146,263,2.59,0.12,2.88,0.18,1.94,0.3,1972,2,1975,2,1945,19,1910,93,1910,93,1385,146,1901,198,1046,103,590,106,52,52,538,108,22.5,6.7,295200,16915,369600,16613,474600,24520,590,106,50,32,0,16,10,17,10,16,9,14,0,16,0,16,10,16,11,16,10,16,0,16,0,16,0,16,0,16,0,16,0,16,10,16,0,16,88,61,0,16,0,16,0,16,8,15,21,24,21,23,38,48,0,16,29,28,0,16,0,16,0,16,7,12,0,16,22,25,0,16,0,16,81,48,10,17,0,16,17,19,35,27,0,16,19,30,0,16,0,16,26,24,17,19,9,14,0,16,0,16,0,16,0,16,0,16,0,16,306,83,242,78,22,20,42,38,0,16,0,16,0,16,0,16,0,16,273559000,28651463,3.86,1.04,11.2,1.49,17.66,1.11,23.24,1.29,44.04,2.79,16.28,2.05
"14","17043846405","Census Tract 8464.05, DuPage County, Illinois",3760,263,2765,267,110,87,0,11,706,162,0,11,0,11,179,97,97,81,89,76,1558,175,9,15,130,59,191,75,271,79,173,71,51,32,199,84,11,17,69,38,192,88,199,72,63,36,1486,81,1084,96,542,105,145,52,296,86,70,32,31,36,0,11,402,100,393,97,9,16,0,11,0,11,0,11,0,11,0,11,2626,130,20,24,0,11,0,11,0,11,0,11,0,11,0,11,0,11,0,11,0,11,0,11,9,14,0,11,48,53,20,22,216,77,9,15,166,59,184,84,120,48,935,136,572,120,173,61,154,62,1084,96,36,24,16,19,27,24,6,11,9,15,9,14,0,11,0,11,84,65,80,60,107,56,710,101,1486,81,73,49,54,34,38,27,14,17,50,36,94,64,27,29,19,21,19,20,50,29,137,83,137,58,72,54,60,33,157,48,485,87,1486,81,1079,98,407,102,1486,81,85,52,1401,97,108357,29619,23,27,912,255,64625,8711,2962,147,1436,105,26,23,0,11,29,30,0,11,56,41,0,11,43,34,10,17,85,61,0,11,187,68,10,15,243,73,0,11,176,55,0,11,82,59,0,11,44,32,0,11,63,37,9,14,27,25,0,11,0,11,0,11,1526,112,25,24,0,11,0,11,0,11,10,15,0,11,28,27,0,11,83,60,0,11,167,70,0,11,170,52,0,11,119,49,0,11,58,56,0,11,19,21,0,11,33,24,0,11,0,11,0,11,18,21,0,11,1528,67,42,51,1486,81,3760,263,3274,218,486,219,2.53,0.17,2.73,0.16,1.69,0.52,1978,2,1977,2,1990,8,1486,81,1486,81,1262,149,1412,66,978,222,288,74,129,53,159,73,44.8,8.6,347100,40860,492000,34820,664600,30255,288,74,38,47,0,11,0,11,0,11,0,11,0,11,29,45,9,14,0,11,56,30,0,11,0,11,0,11,0,11,0,11,0,11,56,30,0,11,61,50,0,11,0,11,0,11,0,11,0,11,41,44,20,23,0,11,19,21,0,11,0,11,0,11,10,15,0,11,0,11,9,15,0,11,57,49,9,14,0,11,39,46,0,11,0,11,0,11,0,11,9,13,28,26,9,14,10,16,0,11,0,11,0,11,0,11,9,14,0,11,29,27,29,27,0,11,0,11,0,11,0,11,0,11,0,11,0,11,240343100,30034549,2.31,0.51,7.05,1.06,14,2.46,27.19,2.02,49.44,4.05,19.66,3.09
"15","17197880303","Census Tract 8803.03, Will County, Illinois",4093,209,3345,252,126,126,5,9,460,128,0,11,0,11,157,133,172,88,168,87,1976,204,17,20,93,39,185,76,199,69,180,69,125,56,309,95,46,32,155,69,207,74,363,161,97,45,1255,57,1160,59,399,67,333,78,287,66,68,36,68,37,5,9,95,41,55,33,40,32,0,11,0,11,0,11,0,11,0,11,2690,139,0,11,0,11,0,11,0,11,0,11,0,11,0,11,0,11,24,27,0,11,0,11,0,11,0,11,0,11,25,25,358,129,15,16,127,54,257,92,233,69,843,150,677,126,91,76,40,38,1160,59,6,10,41,41,13,18,8,13,16,18,0,11,13,20,28,42,47,32,102,56,162,63,724,86,1255,57,24,35,16,16,28,21,8,12,9,14,8,14,18,23,20,20,0,11,67,48,50,31,187,71,157,60,144,53,205,69,314,76,1255,57,1110,65,145,43,1255,57,20,23,1235,58,132634,14676,22,22,980,111,47323,4763,3183,182,1577,104,45,34,15,23,21,25,0,11,123,67,16,23,57,37,0,11,112,56,0,11,227,56,0,11,278,59,0,11,181,57,8,13,83,41,0,11,30,23,6,9,36,29,0,11,0,11,0,11,8,13,0,11,1606,124,39,31,0,11,48,62,0,11,52,39,0,11,106,49,10,16,83,53,0,11,147,55,0,11,320,75,0,11,205,57,14,17,20,19,0,11,20,19,0,11,21,21,0,11,16,18,0,11,0,11,0,11,1275,44,20,30,1255,57,4093,209,3812,271,281,167,3.26,0.15,3.31,0.16,2.75,0.42,1984,2,1985,2,1985,6,1255,57,1255,57,1852,144,2069,299,1676,72,102,57,9,13,93,55,26.3,4.5,285700,16119,340900,9315,391100,9817,102,57,0,11,0,11,0,11,0,11,0,11,0,11,0,11,0,11,0,11,9,13,0,11,0,11,0,11,0,11,0,11,0,11,9,13,0,11,0,11,0,11,0,11,0,11,0,11,0,11,0,11,0,11,0,11,0,11,0,11,0,11,0,11,0,11,0,11,0,11,0,11,0,11,0,11,0,11,0,11,0,11,0,11,0,11,0,11,0,11,0,11,57,43,0,11,0,11,39,40,9,13,0,11,0,11,0,11,9,14,36,33,27,32,9,13,0,11,0,11,0,11,0,11,0,11,0,11,189702400,18816899,5.45,1.33,12.31,1.06,17.41,1.35,24.35,1.28,40.47,3.22,14.98,2.65
"16","17197880305","Census Tract 8803.05, Will County, Illinois",4972,256,3838,310,170,125,16,26,815,93,0,11,0,11,133,83,187,93,126,74,2294,193,28,24,168,57,299,84,214,80,141,57,123,52,233,72,76,36,114,56,217,80,396,98,285,82,1509,68,1418,79,455,90,298,79,508,93,145,56,12,14,0,11,91,49,50,34,41,36,0,11,0,11,0,11,0,11,0,11,3186,132,0,11,0,11,0,11,0,11,0,11,0,11,13,18,0,11,0,11,0,11,0,11,9,14,9,15,0,11,0,11,209,77,17,22,161,68,262,89,172,59,1411,145,658,128,217,75,48,33,1418,79,10,16,13,16,19,22,26,41,0,11,0,11,9,14,18,20,7,11,34,44,182,68,1100,100,1509,68,10,16,32,28,0,11,35,43,0,11,8,12,0,11,10,16,9,14,10,16,6,10,137,68,132,64,190,61,318,76,612,88,1509,68,1390,76,119,45,1509,68,25,24,1484,78,179659,20494,9,15,1373,134,62833,6145,3788,202,1838,118,49,34,0,11,36,29,0,11,57,41,6,11,138,72,0,11,86,43,0,11,281,63,0,11,488,83,0,11,217,59,5,8,56,32,0,11,55,34,11,18,50,36,10,14,8,12,0,11,9,16,0,11,1950,145,71,42,0,11,78,67,0,11,32,26,0,11,31,26,0,11,104,57,0,11,235,62,0,11,419,85,0,11,198,56,9,14,32,28,0,11,31,22,0,11,9,16,0,11,8,12,0,11,0,11,0,11,1528,62,19,27,1509,68,4972,256,4962,257,10,16,3.29,0.13,3.31,0.13,NA,NA,1995,1,1995,1,NA,NA,1509,68,1509,68,NA,NA,NA,NA,NA,NA,10,16,0,11,10,16,NA,NA,407300,9127,451800,7445,496200,17386,10,16,0,11,0,11,0,11,0,11,0,11,0,11,0,11,0,11,0,11,0,11,0,11,0,11,0,11,0,11,0,11,0,11,0,11,0,11,0,11,0,11,0,11,0,11,0,11,0,11,0,11,0,11,0,11,0,11,0,11,0,11,0,11,0,11,0,11,0,11,0,11,0,11,0,11,0,11,0,11,0,11,0,11,0,11,0,11,0,11,0,11,0,11,0,11,0,11,0,11,0,11,0,11,0,11,0,11,0,11,10,16,10,16,0,11,0,11,0,11,0,11,0,11,0,11,0,11,307204400,31862321,6.51,1.56,13.03,1.14,17.47,1.26,22.97,1.39,40.02,3.41,15.78,2.51
"17","17197880118","Census Tract 8801.18, Will County, Illinois",4844,242,3852,254,123,127,0,11,700,99,0,11,24,37,145,68,124,103,124,103,2311,177,25,20,50,32,148,74,296,102,341,97,88,55,348,95,136,95,117,59,196,77,369,103,197,76,1444,61,1343,63,450,77,259,69,405,85,162,59,67,46,0,11,101,34,93,34,8,13,0,11,0,11,0,11,0,11,0,11,3125,161,21,25,0,11,0,11,0,11,0,11,0,11,0,11,0,11,0,11,0,11,0,11,0,11,18,20,0,11,24,32,324,120,24,19,99,42,212,79,171,61,1232,162,704,110,159,55,137,56,1343,63,20,21,0,11,0,11,0,11,16,17,9,14,0,11,8,13,62,36,78,37,131,63,1019,99,1444,61,29,25,7,12,0,11,14,17,0,11,0,11,8,13,22,22,7,11,47,28,52,34,93,42,135,50,119,58,362,87,549,102,1444,61,1320,66,124,48,1444,61,17,19,1427,65,174130,18596,36,37,1278,131,59252,5072,3659,192,1845,163,55,37,0,11,0,11,0,11,92,54,29,32,57,47,0,11,114,58,0,11,303,64,0,11,387,70,0,11,158,46,0,11,75,32,0,11,100,43,9,14,88,33,0,11,11,12,0,11,12,12,0,11,1814,131,42,32,10,15,55,62,0,11,106,51,0,11,47,37,0,11,125,64,0,11,178,48,12,20,349,73,15,17,175,54,0,11,28,25,0,11,46,32,0,11,21,19,0,11,6,9,0,11,10,14,0,11,1444,61,0,11,1444,61,4844,242,4474,339,370,294,3.35,0.15,3.28,0.16,4.74,1.22,1988,2,1988,1,1986,5,1444,61,1444,61,2250,236,2471,333,NA,NA,78,53,0,11,78,53,16.9,18.1,401000,17140,455200,10739,549900,64378,78,53,0,11,0,11,0,11,0,11,0,11,0,11,0,11,0,11,0,11,0,11,0,11,0,11,0,11,0,11,0,11,0,11,0,11,0,11,6,11,0,11,0,11,0,11,0,11,6,11,0,11,0,11,0,11,0,11,0,11,0,11,0,11,0,11,0,11,0,11,0,11,0,11,26,24,9,14,0,11,0,11,0,11,0,11,0,11,8,13,9,13,0,11,0,11,0,11,0,11,0,11,0,11,0,11,0,11,0,11,46,48,31,44,0,11,15,17,0,11,0,11,0,11,0,11,0,11,280632000,23729461,6.1,1.1,13.22,1.12,18.27,0.94,23.48,1.26,38.93,2.63,14.13,2.08
"18","17043846504","Census Tract 8465.04, DuPage County, Illinois",6371,598,5457,839,246,245,0,16,347,215,0,16,160,196,161,161,1191,593,1015,757,2788,423,145,112,502,243,396,138,220,87,470,194,122,69,313,154,69,52,89,73,212,101,216,110,34,41,2283,150,1592,171,667,160,392,152,329,108,121,78,81,108,2,9,691,171,566,141,98,67,0,16,27,47,0,16,0,16,0,16,4295,407,64,68,0,16,0,16,0,16,0,16,0,16,0,16,0,16,405,512,0,16,0,16,0,16,14,21,0,16,18,29,705,259,5,11,255,131,462,156,223,105,1044,210,768,188,190,96,142,72,1592,171,73,85,30,49,28,44,19,31,31,36,68,61,0,16,0,16,54,38,233,124,185,95,871,145,2283,150,191,109,75,62,79,56,105,82,100,71,57,58,0,16,23,36,37,43,134,65,92,61,172,99,254,116,345,163,259,118,360,99,2283,150,1710,153,573,134,2283,150,194,112,2089,166,106850,15852,215,228,1266,205,45054,5843,5066,539,2388,384,80,70,0,16,77,81,0,16,80,62,0,16,88,86,0,16,165,147,0,16,604,247,0,16,428,156,0,16,136,66,8,16,76,53,0,16,25,25,0,16,19,31,0,16,63,53,0,16,0,16,0,16,2678,281,105,62,17,27,29,38,0,16,47,47,0,16,192,102,20,26,129,94,0,16,235,132,0,16,269,95,41,48,183,82,29,34,0,16,0,16,76,55,0,16,42,48,0,16,0,16,0,16,0,16,0,16,2481,129,198,136,2283,150,6013,561,3639,404,2374,567,2.63,0.23,2.76,0.21,2.47,0.5,1976,2,1978,2,1975,4,2283,150,2265,152,1098,72,1323,230,946,52,963,153,253,111,710,166,33.7,16.8,321400,17428,386700,23787,554900,89004,963,153,147,100,0,16,0,16,0,16,21,35,0,16,0,16,53,49,73,85,154,84,0,16,18,29,22,35,0,16,20,33,24,37,70,65,0,16,232,114,0,16,18,30,0,16,0,16,0,16,53,85,161,99,0,16,23,36,0,16,0,16,0,16,0,16,23,36,0,16,0,16,0,16,91,68,28,29,45,44,0,16,0,16,0,16,0,16,18,28,0,16,64,66,7,13,33,54,16,25,0,16,8,13,0,16,0,16,0,16,252,103,200,93,33,39,0,16,0,16,0,16,0,16,0,16,19,29,278911700,34327800,2.25,0.7,7.91,2.17,17.16,2.19,24.38,2.46,48.3,4.98,21.39,5.04
"19","17197880304","Census Tract 8803.04, Will County, Illinois",4888,235,4024,338,60,62,11,18,546,216,9,14,0,11,238,155,190,116,190,116,2121,172,15,17,57,35,348,88,227,80,142,73,152,53,256,83,84,47,82,33,250,74,317,78,191,64,1515,51,1353,66,438,74,319,79,425,78,118,59,53,34,0,11,162,58,111,52,40,33,0,11,0,11,11,17,0,11,0,11,3118,155,19,29,0,11,0,11,0,11,0,11,0,11,0,11,0,11,0,11,0,11,0,11,0,11,0,11,0,11,16,18,180,66,37,30,107,57,241,75,177,71,1337,145,774,134,115,55,115,52,1353,66,24,21,0,11,13,20,0,11,9,14,0,11,0,11,0,11,56,37,92,41,116,49,1043,89,1515,51,16,18,8,12,13,20,0,11,3,6,9,14,21,24,0,11,29,24,37,31,65,34,138,48,157,67,155,58,330,78,534,82,1515,51,1327,62,188,46,1515,51,25,23,1490,57,170353,22015,22,35,1340,128,58676,5487,3774,191,1911,130,54,41,0,11,13,20,0,11,100,56,41,48,74,49,10,15,64,38,0,11,303,60,0,11,443,73,8,12,263,76,0,11,61,29,0,11,73,39,0,11,27,23,6,9,11,16,0,11,17,20,0,11,1863,131,12,14,0,11,31,34,0,11,54,34,0,11,94,49,13,20,41,26,0,11,261,65,0,11,354,74,19,20,170,57,8,12,41,29,0,11,27,24,0,11,0,11,0,11,17,26,17,26,0,11,0,11,1524,50,9,14,1515,51,4888,235,4702,252,186,128,3.23,0.14,3.19,0.14,4.65,0.68,1990,2,1990,2,1985,7,1515,51,1504,56,1863,257,2175,1006,1681,142,40,27,0,11,40,27,23.4,4,349400,15623,437500,12532,542500,37862,40,27,0,11,0,11,0,11,0,11,0,11,0,11,0,11,0,11,0,11,0,11,0,11,0,11,0,11,0,11,0,11,0,11,0,11,0,11,0,11,0,11,0,11,0,11,0,11,0,11,0,11,0,11,0,11,11,17,0,11,0,11,0,11,0,11,0,11,0,11,0,11,11,17,0,11,0,11,0,11,0,11,0,11,0,11,0,11,0,11,0,11,0,11,0,11,0,11,0,11,0,11,0,11,0,11,0,11,0,11,29,23,5,8,14,17,10,16,0,11,0,11,0,11,0,11,0,11,282264600,27594384,6.38,1.05,12.86,1.24,18.01,1.22,23.05,1.36,39.7,3.62,15.23,3.43
"20","17043846203","Census Tract 8462.03, DuPage County, Illinois",4323,267,3431,250,76,76,0,11,746,133,0,11,10,16,60,46,200,92,190,90,1953,181,21,22,98,44,179,72,236,95,318,131,161,60,252,88,99,59,82,43,165,67,193,80,149,82,1505,73,1346,63,690,88,295,66,241,68,70,40,43,41,7,11,159,60,132,56,27,27,0,11,0,11,0,11,0,11,0,11,3138,183,30,29,0,11,0,11,0,11,0,11,7,14,0,11,0,11,0,11,0,11,10,15,0,11,7,11,6,14,36,42,284,103,31,23,66,39,267,84,239,84,1204,170,678,135,152,60,121,54,1346,63,11,17,0,11,10,15,0,11,29,26,43,48,0,11,0,11,78,43,91,40,129,57,955,98,1505,73,18,21,0,11,15,16,17,19,20,22,60,51,17,19,51,38,0,11,38,24,90,42,124,61,222,77,223,82,318,81,292,76,1505,73,1224,77,281,62,1505,73,27,24,1478,75,131719,11484,22,34,902,126,54461,6491,3500,223,1716,154,86,89,0,11,18,27,0,11,55,63,38,58,42,37,0,11,83,37,0,11,220,64,11,17,313,67,0,11,60,36,0,11,90,53,0,11,80,41,0,11,130,58,0,11,27,27,0,11,15,18,0,11,1784,120,24,27,0,11,14,19,0,11,22,24,0,11,52,33,11,19,62,43,0,11,219,57,0,11,223,66,14,22,257,107,0,11,48,34,0,11,90,52,0,11,75,33,0,11,13,15,0,11,0,11,0,11,1581,62,76,60,1505,73,4183,231,4049,235,134,98,2.78,0.13,2.81,0.14,2.03,0.81,1984,2,1983,2,1984,2,1505,73,1505,73,1875,613,2201,302,1244,898,66,51,0,11,66,51,24.3,12.2,317100,9690,374100,11035,478800,31570,66,51,0,11,0,11,0,11,0,11,0,11,0,11,0,11,0,11,0,11,0,11,0,11,0,11,0,11,0,11,0,11,0,11,0,11,0,11,0,11,0,11,0,11,0,11,0,11,0,11,0,11,0,11,0,11,0,11,0,11,0,11,0,11,0,11,0,11,0,11,0,11,0,11,11,20,0,11,11,20,0,11,0,11,0,11,0,11,0,11,0,11,10,18,0,11,0,11,0,11,0,11,0,11,10,18,0,11,0,11,45,46,0,11,14,22,0,11,8,14,0,11,0,11,0,11,23,38,231443800,25879762,5.31,1.2,12.57,1.33,17.3,1.35,22.62,1.72,42.19,4.19,19.73,5.04
"21","17043846313","Census Tract 8463.13, DuPage County, Illinois",4859,325,3822,326,240,176,0,11,744,201,0,11,17,27,36,44,107,83,90,77,2897,286,47,44,154,94,198,87,383,124,536,135,104,75,390,178,17,27,292,111,280,113,367,146,129,75,2226,68,1268,138,648,125,300,114,227,95,67,54,26,36,0,11,958,138,828,144,110,66,0,11,20,31,0,11,0,11,0,11,3672,254,13,20,21,31,0,11,0,11,0,11,0,11,0,11,0,11,21,36,0,11,19,32,0,11,0,11,0,11,18,27,184,91,14,22,320,126,380,140,187,96,1380,199,607,167,241,99,267,115,1268,138,12,20,0,11,0,11,0,11,0,11,13,21,0,11,0,11,36,40,233,84,42,41,932,129,2226,68,67,59,16,26,0,11,0,11,79,54,35,28,38,44,52,46,29,33,142,119,157,84,332,114,212,90,352,121,203,87,512,107,2226,68,1970,106,256,87,2226,68,42,38,2184,81,114569,16107,0,11,746,180,63772,6282,4183,252,2308,226,19,30,0,11,20,32,0,11,161,97,0,11,190,97,26,43,217,123,0,11,355,140,47,44,236,89,13,23,324,101,35,40,70,44,13,21,59,48,0,11,75,52,13,22,26,27,0,11,67,47,0,11,1875,179,14,23,0,11,22,34,0,11,118,76,0,11,94,61,0,11,95,71,0,11,300,108,19,32,244,96,0,11,337,95,0,11,39,35,0,11,50,57,0,11,118,63,0,11,39,33,0,11,25,31,0,11,2248,66,22,33,2226,68,4859,325,3446,301,1413,277,2.18,0.14,2.55,0.18,1.61,0.23,1992,2,1985,2,2001,2,2226,68,2226,68,1573,105,1833,66,1382,48,875,116,16,26,859,114,25.3,5.1,287800,18092,383500,32529,484600,26656,875,116,38,42,0,11,0,11,0,11,0,11,0,11,0,11,38,42,0,11,16,26,0,11,0,11,0,11,0,11,0,11,0,11,16,26,0,11,37,41,0,11,0,11,0,11,0,11,0,11,0,11,37,41,0,11,72,57,0,11,0,11,0,11,0,11,16,26,36,40,20,32,0,11,253,118,14,24,18,30,20,33,112,118,89,63,0,11,0,11,0,11,114,77,17,27,55,52,42,48,0,11,0,11,0,11,0,11,0,11,345,110,232,90,96,73,17,27,0,11,0,11,0,11,0,11,0,11,306589400,26988152,5.24,1.15,11.08,1.15,16.95,1.35,24.56,1.73,42.18,3.16,15.73,2.67
"22","17043846201","Census Tract 8462.01, DuPage County, Illinois",6191,370,4626,365,330,127,12,21,764,251,0,16,68,78,391,298,345,202,325,202,2870,353,7,13,131,81,311,140,399,164,339,137,110,59,452,160,121,87,142,107,392,146,346,152,120,75,2214,114,1792,177,780,211,317,130,582,130,71,55,42,43,0,16,422,171,361,166,30,36,31,34,0,16,0,16,0,16,0,16,3984,241,91,75,0,16,0,16,0,16,0,16,0,16,0,16,0,16,0,16,0,16,0,16,0,16,0,16,0,16,16,25,464,207,33,37,214,107,326,135,308,163,1670,256,717,163,140,72,5,16,1792,177,62,86,102,119,7,14,0,16,26,31,0,16,28,34,7,12,214,106,167,89,268,108,911,177,2214,114,149,138,18,32,102,99,0,16,28,33,0,16,33,39,86,91,14,24,193,120,214,107,271,114,277,101,110,72,192,83,527,186,2214,114,1859,160,355,156,2214,114,127,121,2087,141,99808,23194,177,136,1415,182,51852,8424,4762,326,2152,227,27,30,0,16,103,65,0,16,86,83,0,16,118,88,21,34,162,105,15,26,382,120,0,16,365,133,0,16,236,105,0,16,77,60,0,16,58,46,0,16,128,111,11,19,16,26,0,16,0,16,0,16,2610,254,99,88,10,20,71,70,0,16,198,119,42,38,101,89,25,39,139,100,19,31,322,90,25,38,446,130,40,66,132,58,0,16,36,34,0,16,60,46,9,16,34,42,0,16,0,16,0,16,0,16,0,16,2315,67,101,101,2214,114,6191,370,4830,487,1361,413,2.8,0.17,2.9,0.19,2.48,0.36,1981,2,1983,2,1979,4,2214,114,2179,111,1154,73,1370,255,1024,311,549,170,18,28,531,167,36.3,8.4,197300,62680,326200,27517,429200,25190,549,170,143,138,0,16,0,16,0,16,0,16,70,111,0,16,56,86,17,27,39,39,0,16,0,16,0,16,0,16,0,16,0,16,39,39,0,16,17,27,0,16,0,16,0,16,0,16,0,16,0,16,17,27,0,16,62,81,0,16,0,16,0,16,0,16,62,81,0,16,0,16,0,16,142,97,19,28,73,86,0,16,0,16,0,16,19,30,24,41,7,12,115,85,50,47,46,68,0,16,19,30,0,16,0,16,0,16,0,16,31,34,0,16,0,16,13,21,0,16,0,16,0,16,0,16,18,28,314789000,54311271,3.07,1.73,8.56,1.58,14.26,1.96,22.88,3.12,51.23,5.96,21.39,5.47
"23","17043846410","Census Tract 8464.10, DuPage County, Illinois",5324,339,2743,334,841,319,0,16,1571,295,0,16,127,112,42,38,547,137,451,170,2833,244,13,19,128,77,555,183,224,118,294,122,186,110,388,140,164,95,137,108,233,114,480,145,31,35,2129,124,1259,148,395,121,438,163,287,120,107,62,15,25,17,17,870,186,581,156,279,132,10,16,0,16,0,16,0,16,0,16,3680,276,38,28,0,16,0,16,0,16,0,16,0,16,0,16,0,16,0,16,0,16,37,45,0,16,44,44,41,50,21,26,541,170,18,26,58,41,545,260,223,121,1432,264,582,190,15,24,85,60,1259,148,36,38,0,16,36,52,17,26,9,17,0,16,40,49,40,54,97,59,128,92,280,129,576,179,2129,124,84,55,14,24,137,76,59,51,18,29,85,71,65,70,60,54,74,51,106,55,258,117,324,147,183,115,345,134,240,128,77,75,2129,124,1986,144,143,85,2129,124,136,99,1993,172,86834,15940,134,130,1192,201,38488,5083,4057,272,1815,200,59,50,0,16,0,16,0,16,32,40,0,16,310,107,0,16,84,53,0,16,495,144,0,16,245,100,20,34,141,76,0,16,27,32,1,5,17,26,0,16,31,33,0,16,0,16,0,16,10,19,0,16,2242,210,0,16,0,16,51,63,19,32,66,71,0,16,416,220,0,16,194,108,0,16,437,135,0,16,326,108,2,4,127,85,0,16,2,4,2,4,23,35,0,16,25,28,0,16,21,24,0,16,0,16,0,16,2176,118,47,73,2129,124,5307,340,1856,383,3451,484,2.49,0.18,2.93,0.33,2.31,0.23,1986,4,1974,3,1993,3,2129,124,2129,124,1339,83,1669,130,1070,75,1496,129,0,16,1496,129,24.7,3.3,130600,37431,257400,28935,310800,33905,1496,129,72,51,0,16,0,16,0,16,0,16,0,16,0,16,72,51,0,16,141,79,0,16,0,16,0,16,0,16,36,52,0,16,105,66,0,16,131,74,0,16,0,16,0,16,0,16,71,66,28,35,32,40,0,16,111,72,0,16,0,16,0,16,67,60,26,40,18,28,0,16,0,16,254,116,0,16,107,68,91,86,32,38,13,21,11,19,0,16,0,16,295,140,45,43,120,80,86,80,44,69,0,16,0,16,0,16,0,16,492,182,436,181,56,62,0,16,0,16,0,16,0,16,0,16,0,16,201234500,27743291,4.43,1.05,11.21,1.56,18.14,1.8,26.94,2.15,39.28,3.93,14.16,4.17
"24","17043846208","Census Tract 8462.08, DuPage County, Illinois",3315,205,2763,263,17,25,17,28,417,209,0,11,6,11,95,68,83,57,55,51,1483,145,20,32,201,79,158,71,236,61,110,55,114,89,174,75,52,44,24,21,150,88,205,76,39,30,1154,69,994,73,448,79,185,59,248,53,96,57,11,16,6,11,160,76,141,71,8,13,0,11,11,18,0,11,0,11,0,11,2266,107,0,11,0,11,0,11,0,11,0,11,0,11,6,11,0,11,0,11,0,11,0,11,0,11,0,11,0,11,0,11,86,51,0,11,69,38,207,76,88,49,864,131,665,122,103,47,178,100,994,73,10,15,0,11,0,11,0,11,0,11,0,11,0,11,0,11,45,29,40,31,57,38,842,83,1154,69,19,22,0,11,11,18,9,13,7,11,6,10,8,13,17,19,49,31,0,11,48,51,95,44,121,55,146,62,268,87,350,67,1154,69,906,68,248,62,1154,69,28,26,1126,72,157500,21149,17,25,861,147,66599,8255,2532,126,1228,99,30,26,0,11,14,22,0,11,32,27,8,12,36,28,0,11,54,39,0,11,174,52,9,15,248,60,0,11,103,48,0,11,67,39,0,11,68,44,0,11,63,48,0,11,24,21,0,11,25,23,0,11,1304,103,16,17,0,11,0,11,0,11,27,31,0,11,47,43,14,22,41,31,0,11,187,42,0,11,241,63,0,11,78,55,0,11,44,32,0,11,41,26,7,11,9,16,0,11,0,11,0,11,8,13,0,11,1214,30,60,62,1154,69,3315,205,3272,208,43,63,2.87,0.17,2.87,0.18,3.31,0.42,1975,2,1975,2,NA,NA,1154,69,1154,69,NA,NA,NA,NA,NA,NA,13,19,0,11,13,19,NA,NA,410100,13997,472100,13803,636100,45597,13,19,0,11,0,11,0,11,0,11,0,11,0,11,0,11,0,11,0,11,0,11,0,11,0,11,0,11,0,11,0,11,0,11,0,11,0,11,0,11,0,11,0,11,0,11,0,11,0,11,0,11,0,11,0,11,0,11,0,11,0,11,0,11,0,11,0,11,0,11,0,11,0,11,0,11,0,11,0,11,0,11,0,11,0,11,0,11,0,11,0,11,0,11,0,11,0,11,0,11,0,11,0,11,0,11,0,11,0,11,13,19,0,11,0,11,13,19,0,11,0,11,0,11,0,11,0,11,218540500,26702724,5.76,1.31,12.22,1.4,16.88,1.67,22.23,1.61,42.91,4.49,17.07,4.4
"25","17043846209","Census Tract 8462.09, DuPage County, Illinois",4134,219,3716,221,15,18,0,11,348,63,0,11,12,19,43,56,152,93,140,92,1729,176,57,55,180,70,346,107,200,93,139,63,109,64,262,92,0,11,38,34,107,56,249,92,42,34,1267,70,1014,79,426,68,216,79,230,55,124,43,8,17,10,14,253,77,206,76,47,37,0,11,0,11,0,11,0,11,0,11,2377,126,0,11,0,11,0,11,0,11,0,11,0,11,0,11,0,11,0,11,0,11,0,11,0,11,0,11,0,11,11,16,209,136,0,11,69,53,236,89,98,55,884,132,606,111,158,71,106,60,1014,79,27,31,0,11,22,23,0,11,0,11,10,16,0,11,0,11,49,45,118,66,82,43,706,101,1267,70,15,23,0,11,30,28,39,40,20,21,0,11,31,37,36,33,19,21,37,28,76,65,139,59,75,39,107,60,164,64,479,86,1267,70,877,77,390,81,1267,70,0,11,1267,70,151188,15375,0,11,852,88,72226,9495,3443,197,1797,133,132,56,13,18,144,114,5,10,140,85,0,11,24,26,0,11,37,28,0,11,185,51,0,11,312,70,0,11,125,53,0,11,40,30,11,17,30,29,0,11,38,27,0,11,8,13,0,11,36,28,0,11,1646,151,60,32,9,18,60,47,0,11,86,49,0,11,34,31,0,11,54,29,0,11,81,30,0,11,199,55,0,11,117,47,0,11,0,11,0,11,10,15,0,11,9,15,0,11,9,14,0,11,10,15,0,11,1308,57,41,50,1267,70,3576,188,3324,228,252,138,2.82,0.15,2.94,0.15,1.84,0.64,1971,5,1967,7,1984,16,1267,70,1267,70,1375,741,1806,218,NA,NA,137,65,80,55,57,38,17.5,18.6,431900,41782,621600,40125,941600,130685,137,65,0,11,0,11,0,11,0,11,0,11,0,11,0,11,0,11,0,11,0,11,0,11,0,11,0,11,0,11,0,11,0,11,0,11,0,11,39,40,29,46,0,11,0,11,0,11,0,11,0,11,0,11,10,17,6,10,0,11,0,11,0,11,0,11,0,11,6,10,0,11,0,11,10,16,0,11,0,11,0,11,10,16,0,11,0,11,0,11,0,11,33,31,0,11,0,11,24,28,9,15,0,11,0,11,0,11,0,11,49,51,31,47,11,16,0,11,0,11,0,11,0,11,0,11,7,11,293111700,41483075,3.18,0.99,7.84,1.21,13.22,1.4,22.17,2.11,53.59,3.76,21.58,2.57
"26","17197880306","Census Tract 8803.06, Will County, Illinois",6817,524,3326,391,652,275,10,17,2389,492,0,16,61,80,379,222,611,244,524,250,3206,357,0,16,137,90,351,178,242,107,294,119,234,110,380,162,82,63,261,130,426,135,535,161,264,119,1930,137,1852,133,363,118,574,157,652,148,172,78,61,66,30,35,78,50,63,46,15,24,0,16,0,16,0,16,0,16,0,16,4115,373,116,72,0,16,0,16,0,16,0,16,0,16,0,16,0,16,15,23,0,16,8,14,13,26,0,16,0,16,0,16,546,201,42,56,87,54,336,165,180,95,1627,263,911,195,138,108,96,78,1852,133,20,33,0,16,54,64,20,24,16,25,0,16,0,16,8,14,54,51,131,81,206,105,1343,169,1930,137,20,33,0,16,54,63,0,16,18,21,0,16,0,16,16,25,15,23,68,51,11,18,118,65,312,127,224,95,340,118,734,171,1930,137,1891,143,39,32,1930,137,29,36,1901,134,160597,15849,45,73,2151,188,55342,5489,5083,447,2503,252,91,76,26,32,22,31,0,16,90,60,27,32,121,97,0,16,154,91,0,16,402,94,0,16,714,101,0,16,177,93,16,25,46,39,0,16,95,60,15,23,68,49,0,16,18,22,0,16,0,16,0,16,2580,245,100,75,11,18,17,29,0,16,109,91,0,16,131,104,0,16,133,85,0,16,442,121,30,36,423,120,29,34,152,71,0,16,104,87,0,16,81,52,16,26,19,22,0,16,0,16,0,16,0,16,0,16,2078,91,148,117,1930,137,6817,524,6242,517,575,226,3.53,0.16,3.65,0.18,2.59,0.49,1999,2,1998,2,2002,5,1930,137,1930,137,1819,107,2132,777,1622,84,222,75,0,16,222,75,23.9,10.3,324900,25235,458600,55713,654500,36200,222,75,0,16,0,16,0,16,0,16,0,16,0,16,0,16,0,16,0,16,44,63,0,16,0,16,0,16,0,16,0,16,0,16,44,63,0,16,10,17,0,16,0,16,0,16,0,16,0,16,0,16,10,17,0,16,0,16,0,16,0,16,0,16,0,16,0,16,0,16,0,16,0,16,10,18,0,16,0,16,0,16,0,16,10,18,0,16,0,16,0,16,29,36,11,19,0,16,18,30,0,16,0,16,0,16,0,16,0,16,129,75,59,43,52,64,0,16,0,16,18,29,0,16,0,16,0,16,372112300,39733862,6.75,1.77,12.63,0.83,16.87,1.36,23.12,1.31,40.62,2.96,14.45,2.06
"27","17043846513","Census Tract 8465.13, DuPage County, Illinois",2568,157,1599,156,103,71,0,11,785,114,0,11,13,17,68,50,161,92,120,96,1161,89,3,6,44,26,56,26,121,45,104,32,39,27,124,39,37,28,85,50,124,46,338,58,86,37,900,38,750,44,282,52,232,49,139,46,65,30,19,21,13,11,150,44,128,36,22,23,0,11,0,11,0,11,0,11,0,11,1753,114,40,31,0,11,0,11,0,11,0,11,0,11,0,11,0,11,6,8,0,11,0,11,0,11,0,11,7,10,6,9,164,51,17,14,55,27,134,38,125,40,566,93,488,87,108,43,37,27,750,44,6,9,0,11,8,11,0,11,13,14,0,11,0,11,0,11,61,43,52,22,47,31,563,62,900,38,23,17,0,11,0,11,14,13,8,11,20,18,16,16,6,9,15,13,72,41,45,25,76,30,63,29,112,38,132,46,298,51,900,38,773,40,127,31,900,38,16,15,884,39,137222,26099,22,23,654,71,66882,9327,1950,117,901,75,17,15,0,11,0,11,0,11,33,26,0,11,22,20,0,11,23,18,0,11,208,43,0,11,270,47,0,11,72,28,0,11,11,11,0,11,23,14,0,11,21,18,0,11,7,10,0,11,20,17,0,11,1049,76,21,18,4,7,21,24,0,11,28,21,0,11,31,21,0,11,66,32,0,11,125,40,14,16,188,36,0,11,88,37,0,11,7,9,0,11,8,9,0,11,35,22,0,11,0,11,0,11,7,10,0,11,934,28,34,30,900,38,2568,157,2363,197,205,135,2.85,0.16,2.8,0.18,3.73,1.06,NA,NA,1993,1,1997,5,900,38,900,38,2118,910,2480,2043,1364,587,55,34,0,11,55,34,19.5,21.4,299100,18051,405400,23306,563500,33266,55,34,6,9,0,11,0,11,0,11,0,11,0,11,0,11,6,9,0,11,0,11,0,11,0,11,0,11,0,11,0,11,0,11,0,11,0,11,0,11,0,11,0,11,0,11,0,11,0,11,0,11,0,11,0,11,0,11,0,11,0,11,0,11,0,11,0,11,0,11,0,11,0,11,19,22,0,11,0,11,0,11,14,21,0,11,0,11,5,9,0,11,3,5,3,5,0,11,0,11,0,11,0,11,0,11,0,11,0,11,27,23,27,23,0,11,0,11,0,11,0,11,0,11,0,11,0,11,170558100,23059523,4.2,0.7,9.82,1.61,15.49,1.47,22.93,2.14,47.56,4.53,22.06,6.06
"28","17043846404","Census Tract 8464.04, DuPage County, Illinois",6279,354,5100,630,560,538,0,16,291,169,0,16,217,203,111,95,831,345,555,257,3057,322,154,117,492,208,304,130,304,157,355,157,172,80,323,116,244,148,97,83,382,149,135,87,95,69,2780,132,1416,158,694,193,273,122,253,124,143,90,0,16,53,48,1364,196,1224,200,124,66,16,24,0,16,0,16,0,16,0,16,4419,345,31,55,0,16,0,16,0,16,0,16,37,60,0,16,0,16,0,16,0,16,59,87,0,16,12,18,17,22,23,28,797,211,70,55,262,131,613,167,338,135,1275,289,630,189,236,165,19,31,1416,158,0,16,95,100,14,23,15,25,34,39,11,19,0,16,31,49,174,112,219,116,126,75,697,162,2780,132,81,86,126,101,96,78,117,101,63,42,35,33,77,59,208,128,108,90,367,157,124,76,416,141,237,130,90,61,355,147,280,102,2780,132,2332,172,448,144,2780,132,183,117,2597,190,74118,21108,333,421,928,288,44712,5989,5147,347,2531,294,54,50,0,16,44,46,0,16,193,103,31,42,131,91,0,16,247,138,0,16,325,109,0,16,535,154,0,16,97,61,0,16,71,70,0,16,100,52,0,16,6,13,0,16,85,88,0,16,35,38,0,16,2616,279,16,29,0,16,0,16,0,16,247,137,55,86,228,99,0,16,171,102,0,16,395,147,0,16,245,81,0,16,118,84,0,16,35,29,0,16,52,40,0,16,54,59,0,16,24,28,0,16,15,24,0,16,2907,83,127,107,2780,132,6054,347,3475,554,2579,611,2.18,0.13,2.37,0.24,1.96,0.32,1980,3,1975,3,1985,4,2780,132,2780,132,1139,35,1265,88,1023,41,1316,197,0,16,1316,197,28,3.8,136800,16246,260000,83150,444000,21838,1316,197,68,83,0,16,0,16,0,16,0,16,0,16,0,16,68,83,0,16,83,76,0,16,15,24,15,25,37,60,0,16,0,16,16,26,0,16,125,101,14,22,0,16,0,16,0,16,0,16,0,16,96,97,15,24,258,146,0,16,0,16,16,26,11,17,95,92,121,101,0,16,15,24,320,151,16,25,40,40,154,137,92,90,18,29,0,16,0,16,0,16,193,93,73,59,84,75,36,43,0,16,0,16,0,16,0,16,0,16,269,142,269,142,0,16,0,16,0,16,0,16,0,16,0,16,0,16,276860300,34201252,3.7,1.48,9.48,1.21,14.41,1.83,22.94,2.11,49.47,4.61,19.26,2.85
"29","17043846102","Census Tract 8461.02, DuPage County, Illinois",4509,340,3028,357,534,314,17,20,697,172,0,11,101,106,132,68,487,255,375,240,2385,212,42,32,157,77,484,132,297,99,371,114,113,86,211,105,106,68,117,60,249,93,155,79,83,58,2002,104,1050,127,394,102,327,115,196,85,102,64,31,30,0,11,952,125,738,139,214,81,0,11,0,11,0,11,0,11,0,11,2993,224,10,17,0,11,0,11,0,11,0,11,0,11,0,11,0,11,33,43,0,11,0,11,0,11,0,11,11,18,29,29,347,130,10,14,198,73,454,128,199,89,1114,203,528,138,48,37,12,18,1050,127,33,32,0,11,21,22,9,15,0,11,28,36,34,48,19,23,137,77,120,59,93,53,556,117,2002,104,55,49,62,55,0,11,75,49,62,59,91,75,92,56,176,101,35,34,138,82,188,71,321,100,164,73,164,94,186,69,193,72,2002,104,1741,142,261,112,2002,104,136,84,1866,113,77109,8912,155,170,958,213,46911,7565,3497,215,1876,159,17,23,0,11,57,58,0,11,137,80,0,11,314,108,0,11,322,114,10,17,328,112,0,11,160,66,0,11,141,56,9,14,34,27,0,11,42,51,0,11,28,25,0,11,22,24,0,11,14,24,0,11,1621,161,49,36,27,28,0,11,0,11,91,48,0,11,133,83,0,11,247,111,10,17,247,74,34,48,137,59,11,18,98,45,24,26,72,42,0,11,34,28,15,23,0,11,0,11,12,18,0,11,11,17,0,11,2173,78,171,96,2002,104,4509,340,2140,372,2369,372,2.25,0.14,2.85,0.25,1.89,0.18,1979,2,1977,2,1979,4,2002,104,2002,104,1182,35,1357,43,1044,34,1251,132,64,70,1187,128,26.9,3.7,291200,38138,349400,12907,427200,123215,1251,132,55,49,0,11,0,11,10,16,0,11,0,11,0,11,19,22,26,41,43,51,0,11,0,11,0,11,0,11,0,11,0,11,43,51,0,11,141,77,0,11,0,11,0,11,0,11,0,11,88,66,53,44,0,11,285,113,0,11,0,11,30,29,167,95,30,28,58,52,0,11,0,11,286,98,39,48,92,49,100,51,21,24,0,11,34,48,0,11,0,11,208,77,154,70,33,30,21,22,0,11,0,11,0,11,0,11,0,11,233,91,233,91,0,11,0,11,0,11,0,11,0,11,0,11,0,11,209237200,34376222,4.47,1.19,9.31,1.7,14.64,2.25,22.05,3.17,49.54,7.26,23.61,9.52
"30","17043846202","Census Tract 8462.02, DuPage County, Illinois",6647,337,4546,365,185,98,0,16,1619,317,0,16,37,36,260,129,345,138,305,131,3024,240,113,64,153,61,344,134,292,117,544,187,133,70,380,129,138,89,108,69,231,103,437,123,151,77,2415,125,1608,110,627,132,366,138,478,123,114,69,23,35,0,16,807,153,730,152,77,47,0,16,0,16,0,16,0,16,0,16,4118,199,16,28,0,16,0,16,0,16,0,16,0,16,0,16,0,16,0,16,0,16,0,16,30,48,0,16,46,43,0,16,227,107,25,30,62,47,458,165,253,98,1625,256,1128,210,49,42,199,131,1608,110,0,16,0,16,0,16,15,25,21,32,13,21,0,16,27,30,109,82,178,78,81,62,1164,128,2415,125,118,89,14,23,28,31,50,46,108,79,57,49,41,43,59,44,59,42,159,70,140,88,313,112,157,75,298,125,357,118,457,133,2415,125,2029,139,386,79,2415,125,136,69,2279,135,104828,24192,151,132,1347,230,49795,5072,5238,284,2434,207,57,39,0,16,64,42,0,16,146,89,12,20,139,76,0,16,197,91,0,16,547,114,0,16,294,93,0,16,206,86,0,16,17,26,0,16,70,52,0,16,47,45,0,16,0,16,0,16,0,16,0,16,2804,201,93,60,0,16,51,41,0,16,76,60,0,16,179,88,1,4,225,89,0,16,328,95,32,46,294,117,10,17,188,85,0,16,54,42,2,4,69,50,0,16,17,27,0,16,15,25,0,16,0,16,0,16,2528,79,113,96,2415,125,5957,321,4502,374,1455,320,2.47,0.14,2.86,0.16,1.73,0.28,1983,2,1982,2,1986,5,2415,125,2370,141,1245,67,1512,170,1108,29,839,125,48,72,791,130,30.6,6.9,334800,24722,443000,18695,570200,43244,839,125,87,83,0,16,0,16,0,16,0,16,0,16,0,16,87,83,0,16,14,23,0,16,0,16,0,16,0,16,0,16,0,16,14,23,0,16,158,92,0,16,0,16,15,24,0,16,0,16,80,85,63,52,0,16,93,61,0,16,0,16,0,16,35,33,40,36,18,27,0,16,0,16,145,82,14,22,31,37,27,31,33,40,40,62,0,16,0,16,0,16,112,64,39,43,39,37,14,23,20,31,0,16,0,16,0,16,0,16,230,113,220,114,10,16,0,16,0,16,0,16,0,16,0,16,0,16,327462200,32649732,3.46,1.03,9.45,1.28,16.22,1.7,24.03,1.95,46.84,4.06,19.59,3.85
"31","17197880310","Census Tract 8803.10, Will County, Illinois",13248,433,9495,617,750,353,0,18,2040,378,28,40,552,309,383,169,1200,263,656,284,5803,384,104,85,427,145,478,177,452,173,657,161,378,185,855,199,285,135,202,101,855,204,779,254,331,138,3834,151,3290,170,643,166,733,196,1236,213,516,146,131,95,31,31,544,163,443,148,87,65,14,22,0,18,0,18,0,18,0,18,7809,343,0,18,0,18,6,12,0,18,0,18,0,18,0,18,0,18,18,31,0,18,62,55,0,18,23,35,18,24,15,20,1207,268,63,79,509,146,573,189,389,131,3241,385,1322,253,218,120,145,81,3290,170,23,24,20,31,19,31,25,34,34,41,17,27,17,28,8,17,337,130,472,133,394,165,1924,226,3834,151,19,22,24,31,18,29,60,55,32,38,7,16,37,44,18,30,72,55,207,110,275,113,599,168,497,157,293,123,694,171,982,175,3834,151,3557,124,277,111,3834,151,106,65,3728,158,126646,21640,175,145,4526,303,45383,3388,9245,366,4588,281,202,86,43,48,30,47,30,47,115,94,30,46,233,125,26,41,371,147,0,18,951,173,23,38,1246,177,19,31,251,126,0,18,92,65,0,18,90,62,0,18,38,38,0,18,0,18,0,18,19,31,0,18,4657,299,172,111,0,18,93,87,0,18,146,96,16,26,167,101,0,18,313,134,20,32,996,178,17,28,1026,163,48,50,216,99,0,18,19,30,0,18,59,61,0,18,0,18,0,18,0,18,0,18,0,18,0,18,3834,151,0,18,3834,151,13248,433,11842,686,1406,632,3.46,0.19,3.4,0.18,4.03,0.8,2004,1,2004,1,2003,3,3834,151,3834,151,1877,258,2272,464,1616,146,349,118,0,18,349,118,24,15.7,254600,16400,322500,10597,385600,7850,349,118,14,21,0,18,0,18,0,18,0,18,0,18,0,18,14,21,0,18,0,18,0,18,0,18,0,18,0,18,0,18,0,18,0,18,0,18,18,29,0,18,0,18,0,18,0,18,0,18,0,18,18,29,0,18,18,30,0,18,0,18,0,18,0,18,0,18,0,18,18,30,0,18,50,48,0,18,0,18,0,18,0,18,17,29,16,26,0,18,17,28,52,81,0,18,0,18,0,18,0,18,52,81,0,18,0,18,0,18,197,119,100,85,82,85,0,18,15,22,0,18,0,18,0,18,0,18,590840800,41589764,6.48,0.77,11.72,0.93,16.9,1.21,24.3,1.07,40.61,2.6,14.97,1.98
"32","17043846413","Census Tract 8464.13, DuPage County, Illinois",3500,228,2661,254,170,111,0,11,518,222,0,11,15,18,136,106,185,108,161,105,1566,164,51,82,161,67,239,78,207,85,139,66,71,39,215,87,25,24,33,22,115,64,227,84,83,47,1477,94,851,90,371,74,261,97,160,67,53,29,6,11,0,11,626,103,513,103,113,64,0,11,0,11,0,11,0,11,0,11,2638,187,14,16,8,14,0,11,0,11,0,11,0,11,0,11,5,11,0,11,0,11,27,25,0,11,0,11,5,11,14,17,347,107,7,13,103,42,253,93,191,70,1124,168,456,160,50,43,34,32,851,90,0,11,6,11,0,11,0,11,0,11,20,24,18,27,22,21,76,47,50,36,133,62,526,88,1477,94,51,38,15,17,10,17,28,27,15,16,25,18,44,35,24,24,52,46,74,39,194,63,284,95,170,76,196,70,86,39,209,72,1477,94,1106,88,371,83,1477,94,37,28,1440,99,94598,5711,34,38,624,89,53023,7437,2978,205,1424,129,102,53,0,11,28,27,0,11,25,24,6,11,88,59,0,11,187,71,0,11,232,79,0,11,172,54,16,18,94,40,0,11,33,27,0,11,8,12,0,11,20,17,0,11,35,28,0,11,0,11,0,11,1554,155,9,13,9,13,40,49,0,11,25,24,0,11,179,69,29,35,95,54,6,9,200,57,18,27,161,59,0,11,78,34,0,11,0,11,0,11,7,11,0,11,0,11,0,11,11,16,0,11,0,11,0,11,1593,70,116,80,1477,94,3329,211,1798,239,1531,270,2.25,0.13,2.51,0.23,2.01,0.22,1987,2,1983,2,1993,3,1477,94,1469,93,1346,82,1674,276,1137,85,760,106,144,46,616,101,22.2,3,173800,42571,353400,30128,445400,22468,760,106,23,22,0,11,0,11,0,11,0,11,0,11,0,11,7,11,16,18,25,23,0,11,0,11,0,11,0,11,0,11,0,11,25,23,0,11,58,29,0,11,0,11,0,11,0,11,0,11,0,11,43,31,15,16,83,54,0,11,0,11,24,37,0,11,17,19,26,31,16,19,0,11,148,58,20,30,34,30,48,32,0,11,9,14,0,11,8,12,29,25,215,83,79,63,80,54,0,11,0,11,10,17,12,18,0,11,34,45,208,89,179,85,10,16,8,13,11,18,0,11,0,11,0,11,0,11,179801300,25094122,5.05,1.31,11.17,1.81,15.89,2.03,21.97,2.51,45.92,6.55,20.7,7.77
"33","17197880307","Census Tract 8803.07, Will County, Illinois",6051,461,3302,326,421,321,59,35,2160,323,0,16,50,78,59,47,288,66,238,100,2888,388,19,29,108,74,282,144,410,184,264,111,182,133,411,206,63,43,275,116,230,90,395,147,249,103,2106,124,1608,189,434,120,554,168,470,102,120,79,30,33,0,16,498,166,373,149,71,48,0,16,54,73,0,16,0,16,0,16,3782,234,103,62,0,16,0,16,0,16,50,78,24,40,0,16,0,16,0,16,0,16,0,16,0,16,12,20,16,28,0,16,388,146,133,100,125,85,308,143,310,129,1382,236,684,163,177,102,70,56,1608,189,88,111,18,29,0,16,0,16,46,70,67,41,13,26,7,12,240,135,197,101,125,71,807,158,2106,124,104,113,8,12,30,35,63,80,59,74,107,73,12,19,39,37,89,67,43,39,272,141,400,128,141,90,81,60,284,111,374,127,2106,124,1821,162,285,123,2106,124,163,80,1943,136,91151,14452,222,105,1555,256,43270,5526,4511,404,1979,249,51,45,0,16,82,101,0,16,74,77,0,16,94,63,0,16,149,71,0,16,426,118,22,33,610,114,16,25,59,41,0,16,58,58,0,16,18,25,0,16,39,39,0,16,0,16,0,16,0,16,0,16,2532,277,103,89,14,24,72,83,0,16,66,57,0,16,137,75,20,32,168,89,21,33,353,134,0,16,552,177,0,16,66,66,1,14,80,50,0,16,27,28,0,16,39,41,0,16,0,16,0,16,0,16,0,16,2255,64,149,115,2106,124,6051,461,3986,447,2065,522,2.87,0.17,2.95,0.25,2.73,0.32,1996,1,1995,2,1998,3,2106,124,2085,127,1600,133,1870,103,1350,81,757,167,12,18,745,165,28.9,5.5,209000,31978,430000,138790,636300,36785,757,167,88,111,0,16,0,16,0,16,0,16,0,16,0,16,0,16,88,111,30,35,0,16,0,16,0,16,0,16,0,16,0,16,30,35,0,16,99,63,0,16,0,16,0,16,0,16,49,32,0,16,50,70,0,16,87,67,0,16,12,20,0,16,0,16,0,16,61,58,14,23,0,16,133,89,12,18,0,16,27,31,69,75,25,30,0,16,0,16,0,16,169,81,25,28,67,65,60,52,0,16,17,25,0,16,0,16,0,16,151,94,92,81,59,51,0,16,0,16,0,16,0,16,0,16,0,16,257155500,31808872,3.68,1.81,10.34,1.5,14.61,1.39,24.33,2.68,47.03,4.05,17.86,3.18
"34","17197880308","Census Tract 8803.08, Will County, Illinois",9140,546,5681,388,1130,574,0,16,1556,489,0,16,416,486,357,173,801,486,367,219,3722,353,80,87,134,86,167,105,304,148,302,104,260,125,568,206,140,102,225,89,696,180,561,158,285,120,2777,113,2415,145,751,147,518,173,724,171,283,113,55,41,84,56,362,134,313,127,49,38,0,16,0,16,0,16,0,16,0,16,5690,336,48,61,0,16,0,16,0,16,0,16,0,16,16,25,0,16,0,16,0,16,75,87,88,87,0,16,0,16,54,48,513,141,94,84,309,121,557,192,308,125,1752,254,1377,214,293,131,206,136,2415,145,13,20,0,16,16,25,45,42,17,27,15,23,0,16,27,34,91,53,167,82,321,107,1703,140,2777,113,13,20,17,28,23,40,16,25,15,23,43,39,31,36,17,26,14,22,111,70,142,77,210,103,420,148,300,118,472,133,933,194,2777,113,2541,136,236,83,2777,113,94,63,2683,135,150764,19379,199,150,2528,267,51895,4454,6773,524,3507,329,36,40,0,16,81,66,22,37,133,107,79,96,180,115,0,16,263,113,0,16,618,142,0,16,758,168,0,16,341,113,23,40,72,43,31,34,93,58,0,16,49,41,26,29,39,35,0,16,13,19,0,16,3266,287,66,55,16,26,86,108,0,16,37,43,0,16,149,91,47,56,172,87,0,16,515,143,0,16,640,129,15,24,143,93,22,36,28,34,0,16,114,90,71,83,22,24,0,16,14,22,0,16,0,16,0,16,2872,87,95,86,2777,113,9140,546,8424,416,716,409,3.29,0.19,3.35,0.18,2.7,1.03,2002,2,2002,2,2003,7,2777,113,2777,113,1846,443,2322,502,1343,403,265,88,0,16,265,88,26.6,2.4,335700,15437,413500,15393,481200,14574,265,88,0,16,0,16,0,16,0,16,0,16,0,16,0,16,0,16,0,16,17,28,0,16,0,16,0,16,0,16,0,16,0,16,17,28,0,16,12,19,0,16,0,16,0,16,0,16,0,16,12,19,0,16,0,16,14,25,0,16,0,16,0,16,0,16,14,25,0,16,0,16,0,16,46,49,0,16,19,32,12,22,0,16,15,25,0,16,0,16,0,16,96,80,0,16,0,16,96,80,0,16,0,16,0,16,0,16,0,16,80,72,25,29,55,69,0,16,0,16,0,16,0,16,0,16,0,16,467727100,38984385,6.48,1.03,13.11,0.81,17.63,1.15,24.72,1.41,38.06,2.81,14.01,2.83
"35","17043846514","Census Tract 8465.14, DuPage County, Illinois",4120,176,2047,373,483,210,0,11,1443,316,0,11,23,26,124,67,138,85,87,56,2056,159,22,21,42,35,322,137,247,92,276,125,70,37,135,47,65,49,76,42,181,74,446,87,174,70,1237,42,1121,63,252,70,357,90,324,82,150,63,30,23,8,12,116,68,48,40,68,58,0,11,0,11,0,11,0,11,0,11,2520,137,0,11,0,11,0,11,0,11,0,11,0,11,0,11,0,11,0,11,0,11,17,27,0,11,36,27,35,46,25,22,121,69,13,17,105,48,162,90,383,140,796,149,699,139,68,49,60,36,1121,63,12,16,8,15,25,39,17,27,0,11,0,11,0,11,8,12,87,58,100,57,139,68,725,93,1237,42,12,16,24,37,33,41,17,27,0,11,0,11,0,11,29,23,37,45,34,29,45,31,158,81,176,60,170,62,177,58,325,83,1237,42,1203,47,34,29,1237,42,56,53,1181,64,134116,10637,148,154,1184,199,49557,6764,2998,146,1474,132,42,35,0,11,18,22,0,11,28,25,0,11,163,99,7,11,68,44,0,11,275,79,0,11,376,65,18,20,178,69,7,12,51,30,0,11,47,29,0,11,8,13,0,11,0,11,0,11,0,11,0,11,1524,94,114,58,0,11,52,42,0,11,32,35,0,11,49,47,0,11,81,58,9,15,247,66,0,11,314,77,17,19,123,68,7,13,9,14,0,11,10,13,0,11,8,13,0,11,10,15,0,11,0,11,0,11,1247,42,10,14,1237,42,4120,176,3146,365,974,335,3.33,0.15,3.29,0.19,3.47,0.55,1997,1,1997,1,1996,4,1237,42,1228,42,1703,113,1903,83,1504,201,281,88,0,11,281,88,25.7,4.1,272900,22713,338900,13336,392400,14521,281,88,0,11,0,11,0,11,0,11,0,11,0,11,0,11,0,11,0,11,0,11,0,11,0,11,0,11,0,11,0,11,0,11,0,11,0,11,17,27,0,11,0,11,0,11,0,11,0,11,0,11,17,27,0,11,29,42,0,11,0,11,0,11,0,11,0,11,29,42,0,11,0,11,35,29,0,11,0,11,0,11,9,15,0,11,19,25,7,10,0,11,100,72,0,11,42,52,51,55,0,11,7,11,0,11,0,11,0,11,100,60,69,54,21,33,10,15,0,11,0,11,0,11,0,11,0,11,202445900,27427423,5.14,1.78,11.86,1.52,16.28,1.76,22.58,2.22,44.13,5.71,19.94,6.09
"36","17043846524","Census Tract 8465.24, DuPage County, Illinois",4802,219,3370,244,293,158,0,11,962,106,11,17,51,63,115,85,337,157,264,139,2348,180,32,37,125,61,207,82,402,118,322,88,191,79,266,87,24,24,135,63,263,94,309,94,72,45,1723,70,1336,100,388,85,542,114,337,76,45,29,24,23,0,11,387,101,303,94,54,38,30,28,0,11,0,11,0,11,0,11,3247,141,10,16,0,11,0,11,0,11,0,11,0,11,0,11,20,29,11,17,14,21,13,20,0,11,0,11,0,11,24,26,335,137,62,46,72,49,294,93,278,84,1126,177,759,145,98,54,131,54,1336,100,0,11,0,11,10,15,5,9,20,24,12,14,16,18,0,11,72,41,227,84,120,55,854,99,1723,70,11,16,12,18,10,15,35,26,21,23,20,20,16,25,44,33,50,36,87,43,194,80,199,78,213,69,180,57,347,98,284,73,1723,70,1538,76,185,48,1723,70,40,28,1683,71,117723,11775,21,24,1153,100,50036,4060,3803,218,1894,171,74,70,0,11,15,22,0,11,30,33,12,20,125,71,14,21,120,54,0,11,339,68,7,12,413,96,30,27,145,55,9,14,61,45,0,11,51,38,0,11,40,27,8,12,9,13,0,11,5,8,0,11,1909,138,22,25,0,11,0,11,0,11,134,79,0,11,31,33,0,11,109,50,11,15,403,80,20,22,293,81,0,11,148,48,0,11,80,44,0,11,19,22,0,11,32,25,0,11,11,15,0,11,0,11,0,11,1779,54,56,59,1723,70,4802,219,3974,225,828,254,2.79,0.13,2.88,0.15,2.41,0.29,1988,1,1988,2,1987,3,1723,70,1723,70,1494,141,1815,114,1289,101,344,85,11,17,333,88,26,3.1,266800,25013,356800,19939,458400,22041,344,85,0,11,0,11,0,11,0,11,0,11,0,11,0,11,0,11,0,11,10,15,0,11,0,11,0,11,0,11,0,11,0,11,10,15,0,11,12,18,0,11,0,11,0,11,0,11,0,11,12,18,0,11,0,11,38,36,0,11,0,11,0,11,22,26,0,11,0,11,16,25,0,11,114,63,0,11,11,18,77,45,0,11,26,38,0,11,0,11,0,11,81,40,21,23,38,33,10,16,12,18,0,11,0,11,0,11,0,11,89,58,69,61,11,17,0,11,0,11,0,11,0,11,0,11,9,13,237468200,19359726,6.14,0.83,11.32,1.03,17.34,1.14,23.74,1.07,41.45,2.81,15.27,1.96
"37","17043846411","Census Tract 8464.11, DuPage County, Illinois",4656,371,2572,366,553,230,0,11,1338,288,0,11,132,210,61,51,667,303,469,221,2430,292,24,26,87,68,316,132,348,159,466,125,91,40,330,97,40,29,88,49,241,84,232,92,167,70,1881,111,1161,131,495,126,316,102,193,83,124,68,33,32,0,11,720,118,486,97,205,75,29,49,0,11,0,11,0,11,0,11,3063,228,7,11,0,11,0,11,0,11,0,11,0,11,6,12,20,30,0,11,0,11,0,11,0,11,39,49,14,23,0,11,245,103,104,67,145,80,414,141,210,109,1125,197,613,141,53,38,68,51,1161,131,28,30,13,15,0,11,30,37,25,41,0,11,13,23,0,11,93,61,135,75,256,102,568,116,1881,111,68,47,24,27,7,12,48,41,0,11,45,32,47,52,74,61,66,59,65,38,295,124,383,101,237,85,158,82,233,90,131,73,1881,111,1706,138,175,87,1881,111,176,86,1705,144,85608,6828,169,154,862,199,44103,6942,3717,297,1807,205,20,23,0,11,65,70,0,11,161,119,34,56,251,102,0,11,355,118,8,13,323,80,48,37,329,112,0,11,62,43,13,21,36,35,0,11,18,21,0,11,27,29,0,11,0,11,0,11,0,11,0,11,1910,205,99,130,0,11,0,11,0,11,105,65,29,49,141,65,0,11,170,74,0,11,247,83,32,30,285,93,0,11,68,43,8,12,42,45,0,11,70,46,0,11,19,27,0,11,25,30,0,11,14,20,0,11,2097,75,216,112,1881,111,4586,374,1928,296,2658,403,2.44,0.19,2.6,0.23,2.33,0.24,1993,2,1986,3,1994,2,1881,111,1874,111,1375,46,1579,105,1205,72,1139,130,12,19,1127,129,23.5,2.5,203400,10013,234300,9285,342100,61249,1139,130,61,46,0,11,0,11,14,23,0,11,0,11,0,11,37,31,10,17,0,11,0,11,0,11,0,11,0,11,0,11,0,11,0,11,0,11,52,29,0,11,0,11,0,11,0,11,0,11,7,11,45,29,0,11,158,95,0,11,0,11,0,11,24,28,49,51,47,55,38,51,0,11,249,111,0,11,20,22,134,77,17,19,71,78,0,11,0,11,7,13,263,81,67,45,179,67,17,21,0,11,0,11,0,11,0,11,0,11,356,105,348,105,8,12,0,11,0,11,0,11,0,11,0,11,0,11,202930600,32596613,5.57,1.25,12.17,1.79,16.06,2.1,22.99,2.86,43.21,6.85,18.52,8.5
"38","17043846412","Census Tract 8464.12, DuPage County, Illinois",4525,359,3382,362,391,153,7,11,619,125,0,11,18,20,108,58,256,125,208,109,2363,244,77,67,151,83,251,76,326,103,135,59,157,71,337,104,102,86,150,70,190,73,379,116,108,69,1737,131,969,125,484,107,184,62,189,58,60,36,52,34,0,11,768,117,451,112,279,93,38,58,0,11,0,11,0,11,0,11,3421,272,23,24,0,11,0,11,0,11,0,11,0,11,0,11,7,14,0,11,0,11,23,30,35,31,12,19,19,17,51,37,595,176,6,13,117,65,348,94,153,69,1325,203,612,112,39,38,56,38,969,125,0,11,0,11,0,11,0,11,10,15,12,19,14,18,24,27,98,47,133,58,136,64,542,95,1737,131,9,14,12,18,27,26,11,18,10,15,36,33,58,38,40,32,137,65,136,76,146,75,299,90,173,65,197,77,259,92,187,72,1737,131,1574,121,163,57,1737,131,59,34,1678,129,97775,7312,36,36,676,142,48842,6623,3927,300,1823,201,25,23,8,12,9,15,0,11,114,46,40,32,240,130,41,36,142,69,0,11,341,99,0,11,347,78,10,16,74,38,0,11,19,20,1,2,37,25,0,11,36,34,0,11,1,2,0,11,10,15,0,11,2104,183,84,46,0,11,29,40,0,11,117,75,41,37,217,87,0,11,224,98,0,11,250,70,11,14,288,63,35,28,64,36,0,11,22,24,0,11,54,37,0,11,0,11,0,11,0,11,0,11,0,11,0,11,1988,81,251,128,1737,131,4068,339,2465,329,1603,312,2.34,0.15,2.53,0.17,2.1,0.23,1992,1,1993,2,1991,3,1737,131,1737,131,1619,89,1846,50,1395,86,762,120,0,11,762,120,27.4,3.9,211300,8868,262500,22166,358700,19228,762,120,9,14,0,11,0,11,0,11,0,11,0,11,0,11,9,14,0,11,10,16,0,11,0,11,0,11,0,11,0,11,0,11,10,16,0,11,10,17,0,11,0,11,0,11,0,11,0,11,0,11,10,17,0,11,140,63,0,11,0,11,0,11,0,11,30,42,33,25,45,30,32,29,194,86,8,12,0,11,45,38,27,25,88,72,26,27,0,11,0,11,135,63,10,15,43,27,48,31,16,20,0,11,0,11,0,11,18,29,264,88,188,88,58,39,11,17,7,11,0,11,0,11,0,11,0,11,216011200,32703077,6.1,0.89,10.4,1.33,15.81,1.51,22.67,1.94,45.02,4.65,19.57,5.16
"39","17043846519","Census Tract 8465.19, DuPage County, Illinois",2963,294,1945,330,202,175,0,11,596,146,0,11,75,81,145,82,311,233,236,223,1688,199,36,44,134,68,283,129,120,59,170,76,154,74,200,87,40,31,80,42,130,54,289,94,52,33,1147,94,775,109,274,89,197,74,260,95,37,27,7,12,0,11,372,107,276,75,69,49,27,38,0,11,0,11,0,11,0,11,1977,190,9,14,0,11,0,11,0,11,0,11,0,11,0,11,0,11,0,11,0,11,10,15,0,11,0,11,0,11,6,13,181,77,9,13,50,35,261,132,238,80,631,152,487,97,50,33,45,39,775,109,17,22,33,51,34,50,9,14,0,11,0,11,0,11,8,12,50,32,80,49,80,42,464,105,1147,94,42,36,22,24,33,51,50,49,10,16,0,11,29,24,10,15,12,18,69,41,88,41,210,80,88,46,198,85,170,70,116,46,1147,94,1067,97,80,41,1147,94,67,74,1080,114,99879,20187,178,161,507,164,44629,5151,2329,195,1162,140,17,19,0,11,29,22,10,15,90,70,33,51,75,44,0,11,108,65,0,11,341,102,0,11,172,67,10,14,101,46,0,11,40,27,0,11,25,22,9,14,7,12,0,11,21,24,0,11,0,11,0,11,1167,112,7,12,0,11,79,62,0,11,19,28,0,11,45,36,0,11,82,61,0,11,190,72,0,11,212,70,59,62,114,50,0,11,28,25,0,11,36,29,0,11,17,19,0,11,7,12,0,11,0,11,0,11,1217,68,70,69,1147,94,2963,294,1538,282,1425,323,2.58,0.2,2.51,0.24,2.66,0.3,1988,5,1980,15,1991,4,1147,94,1147,94,1617,150,1909,134,1000,531,535,106,0,11,535,106,22.9,2.3,287900,25959,333700,8296,371700,6355,535,106,21,28,0,11,0,11,0,11,0,11,0,11,0,11,13,21,8,17,45,54,0,11,0,11,0,11,0,11,0,11,33,51,12,19,0,11,43,50,0,11,0,11,0,11,0,11,0,11,0,11,43,50,0,11,22,25,0,11,0,11,0,11,10,15,0,11,12,18,0,11,0,11,77,46,12,20,23,26,10,16,13,22,19,22,0,11,0,11,0,11,104,68,0,11,69,60,27,25,0,11,0,11,8,13,0,11,0,11,223,90,166,72,57,62,0,11,0,11,0,11,0,11,0,11,0,11,130424400,15290791,4.27,2.12,12.57,1.4,18.53,1.57,25.85,1.52,38.78,3.27,13.04,1.99
"40","17043846106","Census Tract 8461.06, DuPage County, Illinois",3831,294,2689,276,199,204,0,11,858,226,0,11,27,44,58,47,240,177,228,176,1821,192,59,50,300,101,145,83,296,101,151,81,139,71,210,97,41,29,102,54,133,65,167,85,78,43,1579,95,961,109,497,94,121,50,171,62,104,56,10,18,58,63,618,129,547,126,59,33,12,18,0,11,0,11,0,11,0,11,2776,179,10,16,0,11,0,11,0,11,0,11,0,11,0,11,16,26,0,11,0,11,0,11,0,11,0,11,16,24,14,16,234,126,33,31,161,74,265,98,97,52,967,149,740,177,130,85,93,64,961,109,0,11,0,11,6,12,17,21,0,11,0,11,14,21,13,19,97,63,87,54,89,42,638,96,1579,95,10,17,16,19,61,50,10,15,29,26,26,25,29,29,30,22,31,25,48,33,161,73,254,83,172,61,116,62,182,82,404,95,1579,95,1349,96,230,56,1579,95,91,49,1488,99,109777,17171,79,61,686,175,71395,12669,3185,247,1494,136,22,20,0,11,0,11,0,11,60,51,10,16,145,77,0,11,50,40,18,28,259,58,0,11,183,64,16,24,143,66,0,11,48,30,0,11,93,40,0,11,25,26,0,11,26,24,0,11,14,16,0,11,1691,183,49,59,35,55,39,41,0,11,23,26,0,11,142,67,10,16,151,62,0,11,165,67,0,11,166,62,11,18,172,76,0,11,53,39,0,11,125,60,14,21,20,23,0,11,0,11,0,11,0,11,0,11,1675,66,96,71,1579,95,3817,292,2844,289,973,193,2.42,0.19,2.9,0.32,1.63,0.2,1986,2,1982,2,1993,2,1579,95,1579,95,1504,96,1800,83,1295,77,598,101,10,16,588,103,23.3,2.3,371700,26672,448200,17340,541300,66529,598,101,10,17,0,11,0,11,0,11,0,11,0,11,0,11,10,17,0,11,39,46,0,11,0,11,0,11,0,11,0,11,0,11,39,46,0,11,47,29,0,11,0,11,0,11,0,11,9,14,9,15,29,22,0,11,50,30,0,11,0,11,0,11,0,11,20,23,16,17,14,21,0,11,127,52,0,11,23,23,27,25,46,37,31,22,0,11,0,11,0,11,113,56,27,42,86,49,0,11,0,11,0,11,0,11,0,11,0,11,212,61,180,57,22,23,0,11,0,11,0,11,0,11,0,11,10,16,272867900,43947567,4.08,1.19,8.98,1.48,12.99,2.05,20.87,2.49,53.08,6.18,27.43,4.67
"41","17043846105","Census Tract 8461.05, DuPage County, Illinois",3564,251,3139,238,110,156,0,11,233,85,0,11,0,11,82,48,254,179,242,175,1715,212,72,33,257,131,275,83,139,71,166,71,72,46,155,62,19,20,51,50,226,78,222,90,61,65,1255,75,942,81,279,68,303,78,227,69,90,52,43,32,0,11,313,79,251,71,51,40,0,11,11,16,0,11,0,11,0,11,2341,213,103,118,0,11,0,11,0,11,0,11,29,43,0,11,0,11,19,28,0,11,0,11,0,11,5,10,8,12,0,11,200,81,12,18,52,31,166,81,58,36,897,159,637,125,56,58,99,44,942,81,8,12,0,11,12,18,0,11,0,11,15,22,0,11,9,13,104,51,36,24,47,31,711,86,1255,75,30,28,7,12,40,47,0,11,24,22,33,30,18,21,12,18,29,33,75,37,71,44,119,51,126,58,111,59,185,73,375,81,1255,75,1122,86,133,53,1255,75,36,38,1219,81,135438,19331,29,44,934,111,63139,7238,2791,261,1510,216,67,46,28,31,47,44,0,11,36,40,25,37,133,91,8,12,140,67,0,11,198,56,0,11,297,64,0,11,78,37,0,11,45,32,9,13,28,23,0,11,57,34,0,11,0,11,0,11,37,29,0,11,1281,140,40,44,16,26,26,39,0,11,37,32,0,11,60,42,0,11,103,57,14,22,125,47,0,11,216,62,0,11,85,68,0,11,51,33,0,11,80,58,0,11,58,50,0,11,0,11,0,11,17,19,0,11,1359,31,104,72,1255,75,3564,251,3051,221,513,198,2.84,0.16,2.9,0.15,2.51,0.66,1971,5,1972,6,1962,15,1255,75,1255,75,1347,351,1763,175,1039,603,204,63,30,45,174,57,33,8.9,328900,23779,425100,30407,570100,77683,204,63,22,25,0,11,0,11,0,11,0,11,0,11,0,11,11,17,11,18,30,45,0,11,0,11,0,11,0,11,0,11,0,11,30,45,0,11,26,24,0,11,0,11,0,11,0,11,0,11,0,11,15,18,11,16,20,29,0,11,0,11,0,11,20,29,0,11,0,11,0,11,0,11,47,40,0,11,4,8,0,11,26,33,6,10,0,11,11,16,0,11,19,23,12,20,7,11,0,11,0,11,0,11,0,11,0,11,0,11,40,37,30,34,10,16,0,11,0,11,0,11,0,11,0,11,0,11,222296300,29130653,3.72,1.01,9.57,1.74,15.37,1.52,22.53,1.92,48.81,4.01,19.27,2.98
"42","17043846205","Census Tract 8462.05, DuPage County, Illinois",3762,198,3039,227,78,63,0,11,614,132,0,11,0,11,31,33,90,87,90,87,1492,128,9,14,141,86,145,71,221,79,143,67,126,82,195,78,39,32,95,42,110,58,239,81,29,22,1255,27,1098,59,416,76,287,78,207,57,170,58,0,11,18,19,157,52,145,53,12,19,0,11,0,11,0,11,0,11,0,11,2565,117,0,11,0,11,0,11,0,11,0,11,0,11,0,11,12,18,0,11,0,11,15,22,6,9,0,11,0,11,13,17,173,79,4,8,99,60,282,89,140,69,847,116,663,120,189,70,122,68,1098,59,13,19,0,11,18,23,23,31,0,11,39,44,8,13,0,11,13,16,85,41,93,66,806,95,1255,27,64,38,0,11,37,36,14,19,10,15,29,28,10,17,28,25,29,41,25,28,42,32,63,51,190,69,103,50,189,55,422,84,1255,27,1045,64,210,59,1255,27,70,55,1185,58,147829,33632,0,11,1028,106,59021,7265,2920,164,1363,86,0,11,0,11,7,12,0,11,5,10,5,10,67,46,20,31,57,34,0,11,289,58,11,16,164,60,7,12,228,60,39,40,54,49,33,44,45,30,7,13,94,44,0,11,42,29,0,11,9,15,0,11,1557,120,37,51,0,11,34,54,0,11,54,53,0,11,53,37,0,11,48,33,5,10,180,63,0,11,158,67,0,11,112,58,0,11,59,38,12,19,15,19,0,11,40,25,0,11,0,11,0,11,0,11,0,11,1255,27,0,11,1255,27,3757,197,3464,268,293,154,2.99,0.16,3.09,0.17,2.19,0.68,1983,1,1983,2,1979,5,1255,27,1255,27,1094,178,2063,1665,939,391,134,58,0,11,134,58,51,NA,432000,17753,521600,38073,652100,24622,134,58,41,35,0,11,0,11,0,11,0,11,0,11,0,11,41,35,0,11,37,36,0,11,0,11,0,11,0,11,0,11,0,11,37,36,0,11,16,20,0,11,0,11,0,11,0,11,0,11,12,19,4,8,0,11,10,15,0,11,0,11,0,11,10,15,0,11,0,11,0,11,0,11,0,11,0,11,0,11,0,11,0,11,0,11,0,11,0,11,0,11,0,11,0,11,0,11,0,11,0,11,0,11,0,11,0,11,0,11,30,25,30,25,0,11,0,11,0,11,0,11,0,11,0,11,0,11,220691100,27180615,3.13,1.09,11.13,1.72,16.97,1.36,24.02,1.71,44.76,3.52,16.55,1.9
"43","17043846104","Census Tract 8461.04, DuPage County, Illinois",4505,247,3429,351,163,124,0,11,652,164,0,11,196,201,65,49,631,192,435,129,1916,199,9,13,171,63,162,71,268,98,284,86,76,41,201,72,76,47,50,66,274,104,271,95,74,44,1518,60,1240,102,501,103,150,68,409,81,161,62,19,26,0,11,278,94,257,93,12,18,9,15,0,11,0,11,0,11,0,11,2857,202,68,58,0,11,0,11,0,11,0,11,0,11,0,11,0,11,0,11,13,20,0,11,0,11,16,22,23,27,31,34,376,121,51,52,144,60,203,103,220,93,999,160,507,110,152,75,54,41,1240,102,63,61,18,20,10,14,18,21,46,45,0,11,0,11,0,11,65,40,138,54,162,83,720,107,1518,60,104,72,17,24,32,29,22,23,39,37,43,43,0,11,111,77,0,11,25,27,99,48,144,80,175,76,179,65,206,79,322,72,1518,60,1292,100,226,87,1518,60,84,48,1434,77,114329,17258,157,112,1144,163,49639,5654,3323,224,1548,158,50,66,0,11,72,48,25,42,11,16,0,11,56,54,0,11,161,66,0,11,327,91,34,48,197,68,1,4,174,78,11,18,22,24,0,11,27,24,0,11,9,14,0,11,33,25,11,17,10,17,0,11,1775,146,26,32,10,15,14,20,0,11,13,18,0,11,65,45,0,11,123,54,0,11,339,87,61,61,306,100,0,11,144,74,0,11,22,24,0,11,64,40,0,11,36,31,2,4,0,11,0,11,13,19,0,11,1562,52,44,33,1518,60,4480,247,3794,401,686,256,2.95,0.16,3.05,0.19,2.49,0.61,1983,2,1984,2,1977,5,1518,60,1518,60,917,62,997,681,826,72,276,112,0,11,276,112,34.5,19.7,293700,26560,403000,23817,487400,18711,276,112,82,71,0,11,0,11,0,11,0,11,0,11,0,11,82,71,0,11,30,30,0,11,0,11,0,11,0,11,0,11,0,11,30,30,0,11,21,34,0,11,0,11,0,11,0,11,21,34,0,11,0,11,0,11,51,79,0,11,0,11,0,11,51,79,0,11,0,11,0,11,0,11,25,28,25,28,0,11,0,11,0,11,0,11,0,11,0,11,0,11,0,11,0,11,0,11,0,11,0,11,0,11,0,11,0,11,0,11,67,53,45,40,17,19,5,19,0,11,0,11,0,11,0,11,0,11,219433000,28596517,2.94,1.08,9.43,2.05,16.13,1.66,23.44,2.08,48.07,4.43,18.98,4.25
"44","17197880120","Census Tract 8801.20, Will County, Illinois",10562,689,5277,508,1630,433,105,164,2349,463,8,17,716,293,477,283,1632,419,656,350,5675,519,202,207,341,130,223,102,529,211,783,209,336,143,942,222,137,101,302,153,784,215,740,212,356,199,3090,128,2633,182,772,194,691,178,583,148,408,140,138,76,41,44,457,159,266,123,180,103,11,21,0,18,0,18,0,18,0,18,7155,473,173,147,0,18,0,18,0,18,0,18,16,25,0,18,0,18,49,55,0,18,0,18,16,24,52,62,34,54,185,113,856,227,40,46,442,162,1002,293,625,203,2828,516,693,196,33,40,111,80,2633,182,16,25,0,18,0,18,16,27,18,30,17,29,54,47,0,18,209,115,371,128,525,144,1407,233,3090,128,16,25,0,18,0,18,16,26,14,23,0,18,34,41,57,53,0,18,207,82,303,138,417,134,458,162,536,165,472,171,560,193,3090,128,2934,134,156,77,3090,128,112,71,2978,155,125402,6873,189,139,2170,285,47146,6904,8457,608,4445,349,154,103,78,82,134,97,0,18,85,84,0,18,361,202,16,27,195,88,0,18,850,158,0,18,955,241,23,37,342,160,19,30,115,75,0,18,93,99,0,18,180,81,0,18,16,24,0,18,16,25,0,18,4012,430,20,35,0,18,66,64,0,18,243,157,0,18,326,205,0,18,323,111,32,49,651,157,0,18,609,135,17,25,342,132,0,18,28,32,0,18,133,86,0,18,64,47,0,18,16,25,0,18,15,26,0,18,3197,81,107,110,3090,128,10562,689,9812,634,750,310,3.42,0.2,3.49,0.21,2.69,0.62,2000,2,2001,2,1997,4,3090,128,3090,128,1690,241,2105,285,1368,174,279,93,0,18,279,93,30,3.4,234000,8865,275600,9230,328600,15960,279,93,0,18,0,18,0,18,0,18,0,18,0,18,0,18,0,18,0,18,0,18,0,18,0,18,0,18,0,18,0,18,0,18,0,18,0,18,14,23,0,18,0,18,0,18,0,18,0,18,0,18,14,23,0,18,19,31,0,18,0,18,0,18,0,18,0,18,19,31,0,18,0,18,78,44,0,18,0,18,20,32,43,38,15,24,0,18,0,18,0,18,102,69,0,18,20,33,34,55,32,38,16,24,0,18,0,18,0,18,66,53,42,41,0,18,24,35,0,18,0,18,0,18,0,18,0,18,478405200,68454115,7.23,1.16,11.95,1.71,16.11,1.82,21.53,2.23,43.17,5.97,19.4,5.35
"45","17043846521","Census Tract 8465.21, DuPage County, Illinois",5391,422,4420,434,308,287,56,85,505,125,0,16,16,27,86,85,212,167,103,122,2264,342,68,58,140,80,226,140,147,73,372,143,17,27,409,166,109,64,128,80,172,119,412,120,64,66,2010,111,1382,127,518,110,292,130,336,133,193,114,13,21,30,41,628,156,594,154,25,30,0,16,0,16,9,17,0,16,0,16,3622,201,0,16,0,16,0,16,0,16,0,16,0,16,0,16,0,16,0,16,0,16,0,16,1,4,0,16,17,26,0,16,206,84,57,72,125,68,287,163,292,111,1375,186,1052,248,102,62,108,65,1382,127,30,41,0,16,0,16,0,16,0,16,0,16,0,16,0,16,63,82,79,52,124,74,1086,115,2010,111,0,16,17,26,0,16,17,26,16,26,16,26,110,108,7,13,28,32,164,83,84,52,201,101,205,94,190,90,428,138,527,137,2010,111,1640,139,370,103,2010,111,66,65,1944,123,144583,16118,87,101,1279,288,61529,7217,4275,273,2015,197,62,65,0,16,37,37,0,16,88,78,0,16,24,29,0,16,110,62,0,16,254,90,4,5,452,134,0,16,242,75,6,11,23,25,0,16,132,63,0,16,41,31,12,19,16,24,0,16,0,16,0,16,2260,207,9,15,0,16,40,37,0,16,52,56,0,16,207,107,22,42,102,68,0,16,243,111,0,16,407,155,0,16,260,93,39,55,49,35,0,16,34,34,0,16,13,21,0,16,17,28,0,16,0,16,0,16,2145,56,135,120,2010,111,5374,422,4735,319,639,468,2.67,0.23,2.81,0.16,1.98,1.01,1989,2,1988,1,1991,7,2010,111,2010,111,1705,248,2009,302,1434,134,322,121,0,16,322,121,35.5,8.1,336900,30467,438800,16783,521800,62066,322,121,0,16,0,16,0,16,0,16,0,16,0,16,0,16,0,16,0,16,17,26,0,16,0,16,0,16,0,16,0,16,0,16,17,26,0,16,0,16,0,16,0,16,0,16,0,16,0,16,0,16,0,16,0,16,67,84,0,16,0,16,0,16,0,16,0,16,16,25,51,81,0,16,92,61,0,16,9,15,0,16,49,45,17,27,17,28,0,16,0,16,62,82,13,20,0,16,0,16,0,16,49,79,0,16,0,16,0,16,84,65,57,59,27,33,0,16,0,16,0,16,0,16,0,16,0,16,329002000,32761841,5.53,1.05,11.11,1.63,17.47,1.86,23.77,2.03,42.11,4.9,17.2,5.82
